ma_hoc_sinh,ho_va_ten,khoi,lop,diem_toan,diem_ngu_van,diem_ngoai_ngu,diem_vat_li,diem_hoa_hoc,diem_sinh_hoc,diem_lich_su,diem_dia_li,diem_gdcd,diem_tin_hoc,chung_chi_ngoai_ngu,thanh_tich_ngoai_khoa
HS1001,Hoàng Nhật Bình,10,10A2,6.6,7.0,7.5,7.7,7.3,6.0,6.5,7.9,6.0,7.3,HSK 3,Giải Ba học sinh giỏi cấp trường
HS1002,Mai Thu Chi,10,10A3,7.6,8.7,6.6,7.1,8.1,7.2,6.0,7.1,7.1,5.9,IELTS 6.5,Không có
HS1003,Cao Minh Cường,10,10A1,5.5,4.2,5.3,5.1,5.4,4.3,5.1,4.5,7.6,5.2,TOEIC 750,Không có
HS1004,Huỳnh Ngọc Nhi,10,10A1,7.9,7.7,7.1,8.0,9.3,6.3,7.8,8.1,7.9,6.5,nan,Giải Khuyến khích nghiên cứu khoa học
HS1005,Đặng Đức Khoa,10,10A3,9.1,6.6,7.7,6.1,7.3,8.7,7.7,6.6,7.2,7.4,nan,Giải Nhì cờ vua cấp thành phố
HS1006,Lý Minh Nhung,10,10A3,8.6,9.2,6.7,7.6,7.2,7.7,8.9,8.1,7.2,7.5,TOEFL iBT 75,Giải Khuyến khích nghiên cứu khoa học
HS1007,Đỗ Quang Hải,10,10A3,7.7,6.4,7.7,9.1,7.4,7.5,7.1,7.1,7.3,6.6,IELTS 5.5,Đội trưởng CLB Âm nhạc
HS1008,Tạ Ngọc Giang,10,10A1,7.6,8.5,9.2,8.4,7.9,9.8,8.1,7.5,9.0,6.0,Không có,Không có
HS1009,Phan Đức Kiên,10,10A1,7.3,6.6,6.0,7.6,6.7,5.7,6.7,7.0,7.9,7.2,Không có,Giải Nhất hùng biện tiếng Anh cấp trường
HS1010,Hồ Ngọc Quỳnh,10,10A2,8.7,5.8,8.7,6.7,5.9,7.2,6.7,6.8,6.5,6.8,Không có,Không có
HS1011,Nguyễn Hữu Dũng,10,10D1,7.1,9.4,8.4,8.1,7.6,7.2,8.1,7.6,6.7,6.5,Không có,Giải Ba học sinh giỏi cấp trường
HS1012,Tạ Thanh Hương,10,10A3,7.6,9.1,9.0,6.8,8.1,7.9,8.2,9.1,7.6,8.7,Không có,Không có
HS1013,Dương Minh Tùng,10,10A1,9.8,7.0,8.1,10.0,9.0,9.3,6.7,7.6,7.3,8.3,Không có,Không có
HS1014,Huỳnh Phương Hà,10,10A3,8.4,8.1,7.1,8.2,9.0,7.9,10.0,8.5,8.3,7.1,IELTS 5.5,Huy chương Bạc bóng rổ cấp quận
HS1015,Đoàn Văn Hiếu,10,10A1,8.4,8.0,8.1,8.9,9.8,8.5,8.2,7.5,8.0,7.3,TOEIC 750,Đội trưởng CLB Âm nhạc
HS1016,Bùi Minh Linh,10,10A1,8.1,8.0,7.0,7.3,7.1,5.9,9.5,8.3,6.7,6.6,nan,Không có
HS1017,Đinh Khắc Sơn,10,10A1,8.7,8.0,7.5,6.9,8.6,7.7,7.4,8.0,6.5,8.4,IELTS 5.5,Giải Nhất hùng biện tiếng Anh cấp trường
HS1018,Nguyễn Thu Nga,10,10A2,8.6,8.1,8.9,9.8,8.3,7.0,7.5,8.0,7.5,7.5,nan,Không có
HS1019,Ngô Đức Việt,10,10A3,8.1,6.3,4.9,5.0,6.5,6.9,6.0,7.6,7.8,7.4,Không có,Giải Ba học sinh giỏi cấp trường
HS1020,Đinh Diệu Thảo,10,10A3,6.4,7.1,5.5,5.7,6.4,7.0,7.7,6.2,7.1,8.0,Không có,Thành viên đội tuyển Tin học
HS1021,Đỗ Minh Dũng,10,10A3,6.6,6.0,6.7,6.8,7.4,7.7,7.9,6.3,7.2,5.7,IELTS 7.0,Tình nguyện viên chiến dịch Mùa hè xanh
HS1022,Tạ Ngọc Hạnh,10,10D1,6.3,7.0,7.3,6.9,7.0,5.9,7.6,7.7,6.2,6.9,IELTS 7.0,Không có
HS1023,Đặng Mạnh Bình,10,10A3,6.2,6.1,8.7,7.7,5.6,7.3,5.3,5.3,6.9,5.7,nan,Thành viên CLB Truyền thông
HS1024,Huỳnh Thanh Vy,10,10A1,7.1,6.4,5.6,7.0,6.3,6.0,5.7,6.5,4.5,5.5,Không có,Không có
HS1025,Lê Thành Kiên,10,10A1,5.9,6.6,6.3,6.5,5.1,5.6,5.9,6.2,7.3,5.9,TOEFL iBT 75,Không có
HS1026,Hoàng Mai My,10,10A1,5.5,7.0,8.4,4.2,6.0,6.7,5.7,6.5,6.3,7.3,TOEFL iBT 75,Không có
HS1027,Dương Mạnh Đạt,10,10A3,6.3,6.4,7.0,6.1,6.2,7.5,7.8,7.7,5.8,5.8,IELTS 6.0,Giải Ba học sinh giỏi cấp trường
HS1028,Lý Khánh Giang,10,10A3,8.0,9.4,8.7,6.1,8.4,8.3,7.6,8.1,8.1,9.1,IELTS 6.0,Giải Khuyến khích nghiên cứu khoa học
HS1029,Vũ Gia Lâm,10,10A2,7.8,5.0,6.3,6.8,6.7,5.4,4.8,6.4,5.9,7.2,IELTS 6.0,Thành viên đội tuyển Tin học
HS1030,Huỳnh Minh Phương,10,10A1,5.2,6.7,7.0,7.6,6.1,6.2,6.1,6.3,6.7,8.1,Không có,Thành viên CLB Truyền thông
HS1031,Đặng Hữu An,10,10D1,6.0,7.7,6.2,7.4,6.6,6.5,9.4,6.0,6.2,6.9,Không có,Không có
HS1032,Đinh Khánh Phương,10,10A3,9.4,9.0,9.7,9.0,9.1,7.3,6.5,7.0,8.5,9.0,IELTS 6.0,Giải Nhất hùng biện tiếng Anh cấp trường
HS1033,Tạ Tuấn Việt,10,10A3,10.0,8.8,8.0,9.7,8.7,7.9,9.7,10.0,8.3,7.4,TOEIC 750,Huy chương Bạc bóng rổ cấp quận
HS1034,Hoàng Thanh Hương,10,10A3,7.1,6.8,6.6,5.5,6.5,6.4,6.5,4.8,5.9,8.1,Không có,Huy chương Bạc bóng rổ cấp quận
HS1035,Đặng Anh Tùng,10,10D1,8.9,8.1,8.4,7.5,7.5,7.9,7.4,7.4,8.2,7.5,IELTS 6.0,Không có
HS1036,Trần Bảo Hà,10,10D1,7.8,6.0,7.6,7.4,8.4,6.4,8.5,9.3,7.4,8.4,TOEFL iBT 75,Không có
HS1037,Đỗ Quang Đạt,10,10A2,7.6,7.5,6.9,7.6,8.6,8.3,7.3,6.5,8.5,8.2,IELTS 6.0,Không có
HS1038,Đặng Khánh Linh,10,10D1,6.6,6.5,6.1,8.0,5.4,7.3,6.9,8.0,5.9,7.5,IELTS 5.5,Không có
HS1039,Dương Quang Lâm,10,10D1,7.0,6.2,6.8,8.6,5.7,8.3,7.8,7.5,6.0,8.3,nan,Không có
HS1040,Huỳnh Mai Hương,10,10D1,6.9,6.7,8.9,7.0,6.6,7.6,7.6,7.9,8.6,8.2,nan,Giải Nhất hùng biện tiếng Anh cấp trường
HS1041,Trần Văn Bình,10,10D1,8.0,6.7,7.6,7.0,8.1,6.3,7.6,7.7,7.2,8.9,Không có,Giải Nhất hùng biện tiếng Anh cấp trường
HS1042,Hồ Thị Anh,10,10A2,7.4,7.3,8.6,8.9,8.2,9.2,6.8,6.4,6.8,7.4,TOEIC 750,Không có
HS1043,Mai Nhật Dũng,10,10A3,6.2,7.8,8.2,5.3,7.1,7.6,5.9,7.1,7.2,8.1,Không có,Không có
HS1044,Đoàn Hoài Phương,10,10A1,8.1,6.8,9.9,9.5,8.8,7.4,6.3,8.0,7.2,7.6,IELTS 7.0,Không có
HS1045,Cao Mạnh Lâm,10,10D1,9.1,8.8,8.1,8.4,8.7,9.4,8.9,10.0,8.9,7.9,nan,Giải Ba học sinh giỏi cấp trường
HS1046,Trần Khánh Nhung,10,10A1,5.2,7.5,5.6,5.6,6.1,5.9,7.3,6.4,6.0,5.3,TOEIC 750,Không có
HS1047,Dương Thành Việt,10,10D1,7.0,6.9,7.0,7.9,5.6,7.5,6.5,6.7,7.6,6.0,Không có,Không có
HS1048,Hoàng Thị Ly,10,10A1,4.7,5.3,5.3,7.0,6.4,6.8,5.4,6.3,4.5,6.3,Không có,Không có
HS1049,Cao Tuấn Hiếu,10,10A2,9.4,8.0,9.1,8.7,10.0,7.0,8.6,9.5,7.2,7.4,Không có,Giải Ba học sinh giỏi cấp trường
HS1050,Phan Diệu Quỳnh,10,10A3,7.0,5.3,5.2,5.7,5.6,6.8,6.8,4.7,6.8,4.0,nan,Không có
HS1051,Đặng Nhật Việt,10,10D1,7.0,8.5,5.9,8.8,5.6,6.8,6.9,5.3,8.5,7.2,IELTS 6.0,Đội trưởng CLB Âm nhạc
HS1052,Dương Thu Thảo,10,10A1,8.0,6.3,6.4,7.8,9.5,8.3,6.0,7.4,7.4,7.8,Không có,Huy chương Bạc bóng rổ cấp quận
HS1053,Ngô Thành Nam,10,10D1,8.2,8.5,10.0,7.1,7.5,8.7,8.9,9.4,9.0,8.4,nan,Không có
HS1054,Tạ Mai Giang,10,10D1,7.4,8.1,7.3,7.2,5.7,7.5,6.4,6.6,7.1,7.1,Không có,Không có
HS1055,Dương Hữu Hải,10,10A3,7.4,7.1,7.1,6.9,6.1,8.3,6.1,6.6,5.3,6.6,IELTS 6.5,Tình nguyện viên chiến dịch Mùa hè xanh
HS1056,Tạ Thu Hà,10,10A2,6.4,8.1,8.1,7.3,7.2,7.5,8.2,8.4,7.7,8.2,IELTS 5.5,Không có
HS1057,Cao Quang Khôi,10,10D1,10.0,8.1,9.2,8.5,8.1,9.5,7.5,9.7,7.7,9.4,Không có,Giải Khuyến khích nghiên cứu khoa học
HS1058,Lý Phương Chi,10,10A2,8.6,8.7,7.2,8.7,7.2,6.4,7.9,5.8,6.9,7.1,TOEFL iBT 75,Tình nguyện viên chiến dịch Mùa hè xanh
HS1059,Nguyễn Quang Sơn,10,10A3,8.2,7.7,7.6,6.8,9.0,8.3,9.8,6.8,7.2,7.6,TOEFL iBT 75,Không có
HS1060,Ngô Thu Hà,10,10A2,8.4,7.7,6.7,6.7,8.2,7.0,6.5,7.6,6.7,7.6,IELTS 6.0,Giải Nhì cờ vua cấp thành phố
HS1061,Hoàng Nhật Kiên,10,10A3,9.4,10.0,8.7,8.9,10.0,8.9,8.4,9.0,9.0,9.6,nan,Thành viên CLB Truyền thông
HS1062,Lý Phương Hà,10,10A2,7.3,5.6,5.1,5.8,5.6,4.0,6.9,7.2,6.5,6.5,IELTS 5.5,Không có
HS1063,Đinh Khắc Tùng,10,10D1,8.4,8.1,9.5,7.5,7.9,7.7,8.7,9.1,9.3,8.4,nan,Không có
HS1064,Đỗ Minh My,10,10A1,8.4,7.3,7.7,7.4,7.3,8.0,8.2,7.7,5.4,7.5,HSK 3,Không có
HS1065,Huỳnh Tuấn Cường,10,10A2,8.6,9.1,7.4,8.6,7.2,8.5,7.3,8.9,7.8,7.8,IELTS 6.0,Giải Khuyến khích nghiên cứu khoa học
HS1066,Phạm Ngọc Phương,10,10A2,7.7,8.3,9.0,10.0,8.9,7.4,7.6,9.4,8.6,9.9,Không có,Giải Ba học sinh giỏi cấp trường
HS1067,Cao Mạnh Dũng,10,10A2,6.5,7.9,6.4,7.2,6.4,6.6,7.6,7.6,7.1,7.7,IELTS 7.0,Giải Nhất hùng biện tiếng Anh cấp trường
HS1068,Lý Hoài Vy,10,10A3,5.7,6.9,6.6,5.9,6.1,6.2,6.4,7.3,6.7,6.8,IELTS 6.5,Đội trưởng CLB Âm nhạc
HS1069,Lê Hữu Lâm,10,10A3,7.3,8.2,7.2,6.6,6.2,6.7,6.9,5.6,6.1,6.5,IELTS 6.5,Không có
HS1070,Nguyễn Phương Ly,10,10A3,7.5,7.1,7.5,7.7,8.6,7.9,8.4,7.2,7.5,7.6,nan,Không có
HS1071,Đặng Văn An,10,10D1,4.3,5.5,7.0,5.2,5.7,4.6,4.6,5.7,5.7,5.0,Không có,Không có
HS1072,Trần Mai Thảo,10,10A3,7.3,7.4,7.7,8.4,7.3,7.7,6.3,5.5,7.1,6.9,TOEIC 750,Huy chương Bạc bóng rổ cấp quận
HS1073,Đoàn Mạnh Thắng,10,10D1,8.3,6.9,8.0,8.3,6.3,7.0,7.4,6.7,7.5,7.1,nan,Giải Ba học sinh giỏi cấp trường
HS1074,Đỗ Minh Yến,10,10A1,5.5,6.2,7.5,6.2,7.2,8.1,7.3,6.6,6.0,6.0,TOEFL iBT 75,Giải Khuyến khích nghiên cứu khoa học
HS1075,Nguyễn Quang Kiên,10,10A2,6.6,7.3,5.8,6.8,6.5,6.6,7.5,7.4,8.3,6.1,TOEFL iBT 85,Thành viên đội tuyển Tin học
HS1076,Tạ Minh Thảo,10,10A3,8.4,8.0,6.9,7.0,7.1,6.2,6.8,8.2,7.8,7.3,IELTS 5.5,Giải Nhất hùng biện tiếng Anh cấp trường
HS1077,Lê Tuấn Kiên,10,10D1,8.5,6.5,8.0,6.0,7.1,8.5,7.1,8.0,8.3,7.8,IELTS 5.5,Giải Ba học sinh giỏi cấp trường
HS1078,Vũ Minh Nhung,10,10A3,8.1,8.7,8.4,7.6,8.4,8.8,9.7,7.5,7.5,6.2,nan,Thành viên CLB Truyền thông
HS1079,Tạ Anh Quân,10,10A1,7.1,8.1,6.1,6.9,7.4,6.9,6.9,7.4,7.5,6.6,IELTS 6.5,Giải Khuyến khích nghiên cứu khoa học
HS1080,Đặng Thanh Hạnh,10,10A1,8.1,8.8,6.5,8.7,6.7,8.1,9.0,7.8,7.5,8.3,Không có,Thành viên CLB Truyền thông
HS1081,Phan Nhật Cường,10,10D1,10.0,8.0,9.0,9.1,9.0,9.9,8.1,6.8,7.8,7.9,Không có,Không có
HS1082,Huỳnh Phương Vy,10,10A2,4.2,7.2,6.4,6.4,6.5,6.4,6.7,5.6,6.4,7.2,TOEIC 750,Giải Ba học sinh giỏi cấp trường
HS1083,Lý Mạnh Phong,10,10A2,5.4,4.4,6.7,6.4,7.0,7.5,8.1,7.0,6.3,6.1,IELTS 5.5,Không có
HS1084,Huỳnh Mai Vy,10,10A1,7.5,6.0,6.1,5.8,5.9,7.7,8.1,6.9,6.7,7.2,TOEFL iBT 85,Giải Khuyến khích nghiên cứu khoa học
HS1085,Hoàng Thành Hưng,10,10A3,8.2,7.0,6.7,7.9,7.7,6.4,4.8,7.5,8.1,6.6,Không có,Không có
HS1086,Hồ Hoài Nhi,10,10A3,7.2,5.2,5.7,7.0,5.5,5.5,5.2,4.8,4.8,6.2,Không có,Tình nguyện viên chiến dịch Mùa hè xanh
HS1087,Lê Mạnh Hiếu,10,10D1,8.0,6.0,6.7,6.2,6.1,6.8,6.8,6.7,5.3,7.9,nan,Giải Nhì cờ vua cấp thành phố
HS1088,Tạ Thanh Anh,10,10A3,8.0,8.4,8.4,10.0,7.6,8.4,6.5,6.9,7.1,6.7,IELTS 6.0,Không có
HS1089,Dương Mạnh Dũng,10,10A2,6.6,8.5,10.0,8.5,7.8,7.7,7.9,8.8,7.5,9.3,TOEIC 750,Huy chương Bạc bóng rổ cấp quận
HS1090,Hồ Thu Thảo,10,10D1,5.8,6.0,4.3,6.0,4.9,5.1,5.7,5.7,5.5,6.4,Không có,Đội trưởng CLB Âm nhạc
HS1091,Cao Quang Cường,11,11A3,8.1,8.8,6.2,7.5,7.7,6.8,6.6,7.7,6.9,7.2,nan,Thành viên CLB Truyền thông
HS1092,Đoàn Hà Nhung,11,11A1,7.4,5.9,7.2,6.9,4.4,6.7,4.4,6.1,6.0,5.0,TOEFL iBT 85,Đội trưởng CLB Âm nhạc
HS1093,Dương Quang Khôi,11,11A1,8.7,10.0,7.1,8.1,7.9,6.9,8.1,8.4,8.5,7.7,Không có,Không có
HS1094,Đinh Phương Hương,11,11D1,9.2,7.2,7.5,6.3,7.5,7.2,7.2,9.7,6.6,7.8,Không có,Giải Khuyến khích nghiên cứu khoa học
HS1095,Lê Thành Khôi,11,11A2,6.1,7.5,7.9,6.5,6.8,7.1,7.1,8.4,6.7,5.6,nan,Giải Ba học sinh giỏi cấp trường
HS1096,Phan Thu My,11,11A1,6.6,9.0,8.7,6.3,8.6,7.7,8.1,7.9,8.2,8.7,Không có,Thành viên CLB Truyền thông
HS1097,Phan Gia Thắng,11,11D1,6.5,7.1,9.7,6.8,7.0,7.2,8.6,7.7,5.7,8.2,IELTS 5.5,Không có
HS1098,Phạm Bảo Quỳnh,11,11A3,6.0,6.7,7.2,9.4,6.3,6.9,8.1,7.5,7.1,6.5,nan,Không có
HS1099,Nguyễn Quang Khôi,11,11D1,9.9,8.3,8.7,8.6,8.1,8.1,7.3,8.1,9.5,8.7,Không có,Tình nguyện viên chiến dịch Mùa hè xanh
HS1100,Cao Hà Ly,11,11A3,7.6,8.2,8.2,8.5,8.2,8.5,6.4,6.0,6.7,6.9,TOEIC 750,Thành viên đội tuyển Tin học
HS1101,Trần Tuấn Long,11,11A2,8.6,8.3,7.6,7.7,8.1,7.0,8.3,8.9,10.0,7.4,IELTS 5.5,Thành viên đội tuyển Tin học
HS1102,Hồ Thanh Yến,11,11A1,6.8,5.9,6.7,7.8,7.3,6.3,6.9,6.0,7.5,8.2,IELTS 6.5,Không có
HS1103,Phan Hữu Hiếu,11,11D1,6.8,8.7,8.7,6.2,7.2,7.3,7.5,8.7,7.8,9.1,nan,Không có
HS1104,Nguyễn Thu Nhung,11,11A1,6.6,6.8,6.6,7.3,8.0,8.2,7.6,7.9,7.4,6.8,IELTS 6.0,Không có
HS1105,Tạ Anh Long,11,11A3,5.3,5.7,5.7,4.6,6.0,4.1,7.2,5.4,5.7,7.1,nan,Không có
HS1106,Dương Hà Nga,11,11D1,8.4,8.7,8.4,6.5,7.5,9.2,8.4,8.4,9.7,9.1,TOEIC 750,Đội trưởng CLB Âm nhạc
HS1107,Mai Thành Quân,11,11A2,9.7,7.8,9.8,8.9,7.9,8.2,7.1,7.8,10.0,8.9,nan,Không có
HS1108,Lê Diệu Vy,11,11A2,9.7,8.3,8.0,9.0,6.9,6.3,7.4,8.5,8.5,7.4,IELTS 5.5,Giải Ba học sinh giỏi cấp trường
HS1109,Huỳnh Minh Bình,11,11A2,4.8,6.4,6.6,5.5,5.2,4.0,4.8,6.7,7.1,6.5,IELTS 5.5,Giải Nhì cờ vua cấp thành phố
HS1110,Phạm Phương Linh,11,11A1,8.2,9.3,7.7,6.5,8.6,9.1,8.1,8.5,8.4,7.4,IELTS 6.5,Đội trưởng CLB Âm nhạc
HS1111,Phạm Khắc Bình,11,11A1,8.3,5.3,7.1,8.8,8.2,6.0,7.3,6.0,7.2,5.6,nan,Không có
HS1112,Phạm Thanh Hương,11,11A1,5.5,7.2,7.2,4.9,7.1,4.7,6.4,7.2,6.2,6.8,IELTS 6.0,Không có
HS1113,Tạ Anh An,11,11A2,5.7,7.3,6.0,6.4,5.0,7.1,6.2,5.8,5.5,5.6,IELTS 6.0,Không có
HS1114,Huỳnh Hà Linh,11,11A1,6.8,7.8,8.3,8.2,7.9,6.3,9.3,7.8,8.1,7.8,IELTS 5.5,Giải Khuyến khích nghiên cứu khoa học
HS1115,Nguyễn Mạnh Bình,11,11A3,6.5,7.9,7.6,7.0,7.1,7.2,8.6,6.8,6.3,9.7,Không có,Đội trưởng CLB Âm nhạc
HS1116,Lý Hoài Ly,11,11A3,7.2,8.1,8.8,8.0,9.7,8.8,10.0,10.0,8.2,6.7,nan,Thành viên CLB Truyền thông
HS1117,Mai Văn Khoa,11,11A2,6.2,6.8,5.8,6.3,6.0,4.8,6.8,7.4,6.7,5.4,Không có,Giải Nhì cờ vua cấp thành phố
HS1118,Nguyễn Ngọc Hương,11,11A2,8.2,8.5,7.6,7.3,7.7,9.1,9.1,8.4,10.0,6.4,nan,Thành viên đội tuyển Tin học
HS1119,Lê Hữu Sơn,11,11A2,7.4,5.5,6.7,5.5,7.1,6.8,7.8,6.6,8.2,6.7,IELTS 5.5,Thành viên đội tuyển Tin học
HS1120,Vũ Hà Trâm,11,11A3,8.0,7.0,6.8,6.2,6.2,8.2,7.8,7.9,7.5,6.3,IELTS 7.0,Huy chương Bạc bóng rổ cấp quận
HS1121,Tạ Hữu Bình,11,11A1,7.0,7.0,7.9,8.2,7.8,7.2,6.8,8.2,6.5,7.7,nan,Huy chương Bạc bóng rổ cấp quận
HS1122,Huỳnh Khánh Nhi,11,11D1,5.2,7.9,5.7,7.9,7.3,7.0,7.6,6.0,7.4,7.0,IELTS 5.5,Giải Khuyến khích nghiên cứu khoa học
HS1123,Lê Tuấn Dũng,11,11A2,10.0,9.2,8.5,9.5,8.8,8.8,7.9,10.0,9.2,8.7,nan,Giải Khuyến khích nghiên cứu khoa học
HS1124,Hồ Mai Trâm,11,11D1,8.2,8.3,8.3,6.0,7.0,8.9,7.7,7.9,6.9,6.6,IELTS 6.0,Thành viên CLB Truyền thông
HS1125,Bùi Hữu Việt,11,11A3,7.4,6.8,8.5,6.9,7.2,7.2,5.8,5.8,7.5,5.6,Không có,Đội trưởng CLB Âm nhạc
HS1126,Trần Thanh Nhung,11,11A1,7.4,8.4,8.2,8.2,7.5,7.5,8.3,6.2,7.6,6.0,nan,Không có
HS1127,Phạm Khắc Quân,11,11A3,7.1,6.2,7.1,4.2,5.7,7.5,6.4,6.2,6.5,5.8,TOEFL iBT 75,Tình nguyện viên chiến dịch Mùa hè xanh
HS1128,Tạ Khánh Giang,11,11A3,6.8,7.5,7.2,7.8,5.8,7.4,7.6,7.7,5.9,6.9,nan,Không có
HS1129,Lý Khắc Phong,11,11A2,9.4,5.8,7.9,8.3,7.7,8.2,9.0,8.9,8.4,9.9,Không có,Không có
HS1130,Phan Thu Yến,11,11A2,7.9,7.5,7.9,5.9,5.8,7.4,6.4,7.4,6.5,7.2,TOEFL iBT 75,Không có
HS1131,Bùi Minh Hải,11,11A1,8.2,8.0,8.8,7.5,7.7,7.7,8.8,8.2,8.6,8.9,Không có,Giải Ba học sinh giỏi cấp trường
HS1132,Hồ Thu Hương,11,11D1,7.7,7.1,6.4,9.2,7.1,5.0,7.6,8.7,8.0,6.1,Không có,Không có
HS1133,Lý Khắc Thắng,11,11A3,6.0,6.6,5.4,7.1,5.3,4.0,7.3,5.8,6.3,6.1,IELTS 6.0,Thành viên CLB Truyền thông
HS1134,Mai Minh Phương,11,11A3,10.0,7.6,9.0,8.8,10.0,8.4,9.0,9.3,8.3,7.9,TOEFL iBT 75,Không có
HS1135,Đoàn Khắc Bình,11,11D1,7.3,7.5,6.5,6.7,5.8,6.9,6.7,7.8,5.6,7.2,Không có,Không có
HS1136,Lý Phương Trang,11,11A3,8.3,10.0,9.2,7.6,7.1,6.0,7.8,8.1,6.7,8.7,TOEFL iBT 75,Không có
HS1137,Hoàng Thành Khôi,11,11A3,7.9,6.7,7.2,6.6,7.6,6.3,7.4,8.3,8.3,7.9,nan,Không có
HS1138,Vũ Ngọc Linh,11,11A3,8.2,7.0,8.7,7.8,8.1,8.1,8.3,8.0,7.0,6.3,IELTS 6.5,Giải Nhất hùng biện tiếng Anh cấp trường
HS1139,Đoàn Thành Khoa,11,11A2,6.1,8.2,7.6,6.8,7.2,9.2,8.5,8.4,6.1,7.5,Không có,Không có
HS1140,Đặng Thị Dung,11,11D1,7.8,7.9,7.0,8.5,7.9,8.0,6.8,8.5,6.6,5.9,nan,Không có
HS1141,Phạm Thành An,11,11A2,5.7,5.9,6.9,7.2,5.8,5.5,7.2,4.5,6.8,6.5,IELTS 5.5,Giải Nhì cờ vua cấp thành phố
HS1142,Lê Ngọc Ly,11,11A2,7.9,7.1,8.7,5.6,6.9,6.8,6.9,7.3,6.7,7.5,Không có,Giải Nhì cờ vua cấp thành phố
HS1143,Phạm Gia Hải,11,11A3,7.5,8.7,8.0,7.9,8.3,6.1,6.4,7.0,6.0,7.2,IELTS 6.5,Giải Ba học sinh giỏi cấp trường
HS1144,Bùi Thanh Phương,11,11D1,8.2,8.5,8.0,6.8,6.3,7.3,6.7,7.6,6.9,6.1,Không có,Không có
HS1145,Đinh Văn Bình,11,11A3,5.6,5.9,5.7,5.2,6.9,5.3,6.0,5.6,7.2,5.2,Không có,Thành viên đội tuyển Tin học
HS1146,Phan Hoài Linh,11,11A1,7.3,6.6,6.5,6.9,6.5,7.8,7.3,6.0,6.6,6.6,nan,Tình nguyện viên chiến dịch Mùa hè xanh
HS1147,Phạm Gia Đạt,11,11A1,6.9,6.7,5.4,8.9,7.4,6.1,8.2,7.1,7.3,8.4,IELTS 6.0,Đội trưởng CLB Âm nhạc
HS1148,Nguyễn Thu Nga,11,11A2,8.7,10.0,7.0,9.0,9.2,8.5,8.7,7.5,9.4,10.0,nan,Không có
HS1149,Hoàng Nhật Hiếu,11,11A1,7.1,8.0,7.5,6.8,5.8,6.1,7.5,6.7,7.6,6.9,nan,Không có
HS1150,Đỗ Khánh Phương,11,11A3,6.8,6.4,6.6,8.5,7.5,6.5,5.9,7.0,6.3,6.9,nan,Giải Ba học sinh giỏi cấp trường
HS1151,Hoàng Tuấn Quân,11,11D1,9.5,8.9,8.0,9.9,7.7,9.7,9.3,9.3,9.2,9.8,IELTS 6.0,Không có
HS1152,Đinh Ngọc Anh,11,11A2,10.0,6.4,8.4,8.8,7.6,7.2,8.7,8.4,9.1,8.2,IELTS 5.5,Không có
HS1153,Đoàn Hữu Bình,11,11A1,8.5,7.7,7.5,9.2,8.7,9.1,6.9,8.2,8.5,8.1,IELTS 6.5,Thành viên đội tuyển Tin học
HS1154,Ngô Mai Quỳnh,11,11A2,7.7,8.0,7.6,8.0,8.3,6.7,9.1,6.9,7.2,7.4,nan,Đội trưởng CLB Âm nhạc
HS1155,Dương Mạnh Hưng,11,11A3,6.4,7.1,7.2,4.9,8.1,7.0,7.1,6.7,6.5,7.5,TOEFL iBT 85,Không có
HS1156,Đặng Thanh Yến,11,11A2,5.8,8.0,5.7,5.9,4.1,8.0,7.1,6.1,5.6,6.9,IELTS 6.0,Huy chương Bạc bóng rổ cấp quận
HS1157,Đặng Đức Nam,11,11A1,6.9,6.4,6.3,7.2,7.7,7.8,6.2,6.8,5.8,6.4,Không có,Không có
HS1158,Huỳnh Phương Nga,11,11A3,8.1,7.2,7.0,6.7,7.0,5.0,6.3,5.7,5.4,6.8,Không có,Giải Nhất hùng biện tiếng Anh cấp trường
HS1159,Phạm Đức Cường,11,11A3,7.6,8.1,6.8,7.1,7.4,7.1,7.8,6.8,6.5,6.6,TOEIC 750,Đội trưởng CLB Âm nhạc
HS1160,Hồ Mai Quỳnh,11,11A1,6.3,6.2,4.9,6.2,5.8,8.6,7.6,7.7,6.1,6.6,IELTS 6.0,Thành viên CLB Truyền thông
HS1161,Hoàng Tuấn Tùng,11,11D1,6.1,7.7,9.2,8.5,8.0,8.0,7.5,8.3,8.3,8.0,nan,Không có
HS1162,Huỳnh Bảo Nhung,11,11A1,7.8,8.7,9.3,9.8,8.8,9.8,7.6,9.5,9.8,7.7,TOEFL iBT 85,Đội trưởng CLB Âm nhạc
HS1163,Hồ Quang Hiếu,11,11A3,7.7,7.8,5.8,7.4,7.3,8.3,8.8,7.6,7.5,6.8,IELTS 6.0,Không có
HS1164,Bùi Phương Quỳnh,11,11A2,7.4,8.0,7.1,6.7,7.9,7.2,8.0,8.2,9.1,7.2,IELTS 6.0,Không có
HS1165,Đặng Thành Nam,11,11D1,7.8,7.1,6.2,7.3,7.3,6.6,7.3,6.7,7.9,8.0,IELTS 5.5,Không có
HS1166,Đoàn Thu Anh,11,11A3,10.0,7.9,7.6,8.2,8.7,9.2,7.5,8.5,8.9,9.0,TOEIC 750,Không có
HS1167,Lý Nhật Sơn,11,11A3,6.5,7.7,6.9,9.1,6.5,7.3,7.5,8.0,6.6,8.0,IELTS 5.5,Không có
HS1168,Đoàn Bảo Anh,11,11D1,8.5,9.6,8.0,9.5,8.7,8.3,9.7,9.5,9.3,7.5,nan,Thành viên CLB Truyền thông
HS1169,Huỳnh Gia Sơn,11,11A3,5.2,6.9,4.9,6.6,5.6,7.7,6.7,7.3,6.2,5.9,nan,Không có
HS1170,Hồ Hoài Ly,11,11A3,8.5,6.7,8.7,8.8,7.2,7.4,8.0,7.0,8.9,7.9,TOEFL iBT 85,Không có
HS1171,Hồ Văn Lâm,11,11A2,5.7,6.9,5.4,6.1,5.9,4.9,5.8,7.4,6.8,6.5,Không có,Tình nguyện viên chiến dịch Mùa hè xanh
HS1172,Tạ Hoài Nga,11,11A3,7.4,7.5,6.0,6.0,8.5,8.4,6.6,6.7,8.3,6.4,Không có,Giải Khuyến khích nghiên cứu khoa học
HS1173,Đoàn Mạnh Đạt,11,11A2,5.9,7.2,6.9,5.6,7.0,6.3,7.0,6.0,8.4,7.4,IELTS 6.0,Không có
HS1174,Đặng Khánh Vy,11,11D1,10.0,8.8,9.6,8.6,8.5,8.3,8.6,8.1,7.2,7.7,Không có,Không có
HS1175,Tạ Gia Thắng,11,11A3,7.5,6.8,7.8,9.4,6.8,7.1,6.8,6.8,6.4,8.9,Không có,Thành viên CLB Truyền thông
HS1176,Lý Phương Hạnh,11,11A3,7.8,6.8,6.8,9.0,7.7,7.8,7.0,8.6,7.8,7.9,TOEFL iBT 75,Thành viên đội tuyển Tin học
HS1177,Phạm Hữu Quân,11,11D1,7.1,7.7,7.4,7.7,9.5,5.7,7.4,6.6,7.9,8.2,Không có,Giải Nhất hùng biện tiếng Anh cấp trường
HS1178,Mai Hoài Phương,11,11D1,7.9,7.0,9.0,9.9,10.0,9.5,8.2,8.7,6.8,7.1,IELTS 6.0,Giải Ba học sinh giỏi cấp trường
HS1179,Huỳnh Nhật Tùng,11,11D1,5.9,7.4,7.4,6.3,5.5,6.2,5.3,7.3,5.8,7.4,IELTS 5.5,Tình nguyện viên chiến dịch Mùa hè xanh
HS1180,Lý Hà Vy,11,11A2,6.7,9.1,5.5,7.3,7.6,7.1,8.8,7.8,9.5,8.6,TOEFL iBT 75,Thành viên CLB Truyền thông
HS1181,Đoàn Mạnh Thắng,12,12D1,7.2,6.9,8.0,6.0,7.5,7.2,6.8,7.8,5.5,7.0,nan,Không có
HS1182,Vũ Diệu Hà,12,12A2,7.3,6.2,6.7,7.6,6.3,6.8,6.6,7.4,6.0,8.8,Không có,Giải Ba học sinh giỏi cấp trường
HS1183,Đặng Mạnh Quân,12,12A2,5.8,7.7,4.9,6.0,5.1,5.7,5.5,6.0,6.5,5.1,Không có,Không có
HS1184,Lê Hoài Phương,12,12D1,7.9,7.1,5.8,6.6,5.9,7.3,6.1,6.7,5.8,8.2,IELTS 6.5,Không có
HS1185,Phạm Đức Thắng,12,12A2,6.9,7.0,7.6,8.3,8.1,6.8,5.7,7.3,5.7,6.8,Không có,Không có
HS1186,Trần Mai Phương,12,12A2,10.0,9.3,8.6,7.6,9.8,9.7,9.6,8.3,7.0,7.9,Không có,Không có
HS1187,Phạm Khắc An,12,12C1,8.6,7.4,7.5,6.7,5.4,7.9,6.2,6.3,7.1,7.8,nan,Không có
HS1188,Hoàng Thị Hà,12,12A1,9.6,7.9,8.3,9.0,7.3,7.9,6.7,8.3,7.8,10.0,nan,Giải Khuyến khích nghiên cứu khoa học
HS1189,Ngô Gia Hiếu,12,12A2,9.8,9.0,8.7,9.8,8.3,8.9,10.0,9.5,7.7,8.1,IELTS 5.5,Thành viên CLB Truyền thông
HS1190,Đỗ Thanh Quỳnh,12,12A1,5.8,6.0,5.2,5.7,6.8,5.7,5.0,5.7,4.6,7.1,Không có,Tình nguyện viên chiến dịch Mùa hè xanh
HS1191,Đặng Gia Phong,12,12A3,8.0,9.1,5.4,8.6,7.6,7.3,10.0,8.3,7.6,8.6,Không có,Đội trưởng CLB Âm nhạc
HS1192,Vũ Hoài Quỳnh,12,12A3,9.1,4.6,6.7,6.9,5.9,6.1,8.5,5.7,5.6,6.5,Không có,Huy chương Bạc bóng rổ cấp quận
HS1193,Huỳnh Thành Hiếu,12,12A1,7.7,4.9,7.3,6.6,5.7,6.9,5.6,6.3,6.3,5.8,nan,Không có
HS1194,Lê Hà Hạnh,12,12A3,6.4,6.4,5.9,5.1,4.8,5.0,4.9,5.3,4.9,6.6,IELTS 7.0,Không có
HS1195,Nguyễn Văn Dũng,12,12A3,6.1,8.4,6.8,6.2,5.8,6.0,6.8,6.8,7.2,6.8,nan,Không có
HS1196,Ngô Thị Anh,12,12A3,8.6,8.2,9.2,8.3,9.4,8.9,8.8,9.2,9.7,7.8,nan,Thành viên đội tuyển Tin học
HS1197,Mai Văn Hiếu,12,12A3,8.7,8.0,9.4,6.2,6.7,8.4,7.4,7.1,7.2,8.1,nan,Tình nguyện viên chiến dịch Mùa hè xanh
HS1198,Đinh Bảo Phương,12,12A3,8.7,6.5,7.6,6.5,7.0,7.9,8.2,7.8,6.1,8.5,TOEFL iBT 85,Không có
HS1199,Đặng Văn An,12,12A2,7.5,7.2,8.3,6.4,7.5,6.9,7.7,8.3,6.1,7.1,IELTS 5.5,Thành viên đội tuyển Tin học
HS1200,Hồ Minh My,12,12C1,6.9,7.0,5.3,5.3,6.7,6.7,5.3,4.2,5.1,6.5,IELTS 6.0,Không có
HS1201,Phạm Đức Tùng,12,12C1,7.7,7.0,8.4,6.8,4.9,6.3,7.5,7.2,8.0,6.8,TOEFL iBT 75,Đội trưởng CLB Âm nhạc
HS1202,Đỗ Thị Chi,12,12A2,7.5,7.0,7.1,7.7,7.1,6.6,7.8,8.1,6.4,6.8,IELTS 6.0,Tình nguyện viên chiến dịch Mùa hè xanh
HS1203,Phan Gia Khôi,12,12A3,7.0,6.3,8.3,7.2,8.1,7.5,6.3,6.6,8.1,7.5,IELTS 6.0,Giải Khuyến khích nghiên cứu khoa học
HS1204,Bùi Hà Hương,12,12D1,7.2,7.5,5.3,7.2,5.8,6.2,6.6,7.9,5.6,7.1,IELTS 6.0,Thành viên CLB Truyền thông
HS1205,Đinh Mạnh Hưng,12,12D1,5.1,7.8,7.7,6.5,7.8,7.5,6.9,6.4,6.5,6.4,Không có,Không có
HS1206,Nguyễn Thị Trang,12,12D1,8.8,9.1,8.2,7.0,8.9,8.7,7.1,8.8,8.7,8.5,IELTS 5.5,Đội trưởng CLB Âm nhạc
HS1207,Tạ Khắc Hiếu,12,12C1,8.4,7.6,6.4,8.6,7.7,8.4,7.1,8.4,8.0,7.0,nan,Không có
HS1208,Tạ Bảo Giang,12,12D1,7.7,9.0,9.3,8.3,9.1,9.5,8.6,8.9,9.6,9.3,nan,Giải Ba học sinh giỏi cấp trường
HS1209,Dương Khắc Bình,12,12A3,8.1,7.3,7.1,9.1,8.8,8.8,7.2,6.8,8.0,8.0,IELTS 5.5,Giải Ba học sinh giỏi cấp trường
HS1210,Dương Diệu Ly,12,12A2,8.4,7.7,6.6,9.0,9.6,9.1,8.3,7.7,6.4,8.4,nan,Không có
HS1211,Phạm Mạnh Lâm,12,12C1,9.1,9.2,8.7,7.6,9.4,6.8,7.5,6.3,8.5,8.6,nan,Không có
HS1212,Đinh Hoài Dung,12,12D1,7.3,5.8,6.0,5.3,7.4,5.4,5.8,6.9,6.2,6.4,IELTS 5.5,Không có
HS1213,Vũ Tuấn Phong,12,12C1,7.4,9.8,9.8,8.5,7.3,8.0,8.8,9.1,8.6,7.8,nan,Giải Nhì cờ vua cấp thành phố
HS1214,Nguyễn Thu Yến,12,12D1,8.1,7.6,8.4,10.0,8.2,8.9,10.0,8.2,9.2,8.3,nan,Giải Ba học sinh giỏi cấp trường
HS1215,Đặng Thành Quân,12,12A1,6.7,6.5,9.3,7.7,6.8,7.9,7.4,6.2,6.8,8.0,IELTS 5.5,Thành viên đội tuyển Tin học
HS1216,Lý Hà Thảo,12,12D1,4.0,4.8,4.1,4.5,4.2,4.8,5.5,6.3,6.5,4.8,Không có,Tình nguyện viên chiến dịch Mùa hè xanh
HS1217,Hồ Hữu Lâm,12,12D1,8.4,7.3,7.5,8.0,7.7,7.5,7.2,7.3,6.9,8.5,nan,Không có
HS1218,Đặng Minh Chi,12,12C1,8.4,8.1,8.5,7.9,8.4,9.2,8.3,9.2,7.0,7.3,TOEFL iBT 85,Thành viên đội tuyển Tin học
HS1219,Cao Thành Phong,12,12C1,7.9,8.4,7.2,8.4,8.6,8.8,7.4,6.6,7.0,7.2,IELTS 6.0,Huy chương Bạc bóng rổ cấp quận
HS1220,Ngô Ngọc Dung,12,12A3,5.6,4.0,6.1,5.3,6.3,5.7,5.9,4.9,6.8,6.7,nan,Giải Khuyến khích nghiên cứu khoa học
HS1221,Cao Minh Quân,12,12C1,6.6,8.1,8.7,9.4,6.9,7.5,6.4,7.4,7.3,6.1,nan,Không có
HS1222,Hồ Minh Hương,12,12A3,6.3,6.3,6.6,4.7,7.0,4.9,4.4,5.1,6.2,5.8,Không có,Huy chương Bạc bóng rổ cấp quận
HS1223,Hoàng Tuấn Tùng,12,12C1,6.3,8.5,6.1,8.2,7.9,7.2,7.0,6.8,9.1,7.0,Không có,Thành viên CLB Truyền thông
HS1224,Hoàng Bảo Chi,12,12C1,7.9,9.1,7.3,7.9,6.5,7.0,8.2,7.9,8.1,7.9,IELTS 6.0,Giải Nhì cờ vua cấp thành phố
HS1225,Phạm Nhật Hưng,12,12C1,6.9,4.8,6.2,5.9,6.5,5.6,6.2,7.0,5.7,7.0,IELTS 5.5,Không có
HS1226,Mai Hoài Yến,12,12D1,5.3,8.6,6.5,7.9,5.6,7.0,6.7,6.6,5.4,6.3,IELTS 6.0,Không có
HS1227,Vũ Mạnh Lâm,12,12A2,8.3,7.8,7.3,8.2,8.1,6.8,8.3,7.7,9.1,6.8,Không có,Huy chương Bạc bóng rổ cấp quận
HS1228,Đặng Hoài Trang,12,12C1,6.7,7.4,7.2,6.1,9.4,7.3,7.9,5.9,7.2,7.6,nan,Không có
HS1229,Lý Anh Thắng,12,12A3,7.3,7.1,7.5,7.6,7.3,8.8,7.4,8.7,8.0,7.5,nan,Giải Nhất hùng biện tiếng Anh cấp trường
HS1230,Dương Mai Phương,12,12A3,5.9,6.1,6.7,5.3,5.1,5.7,4.2,6.4,5.4,5.7,IELTS 6.5,Giải Nhất hùng biện tiếng Anh cấp trường
HS1231,Bùi Gia Đạt,12,12A2,5.8,5.4,5.6,5.8,6.1,7.2,7.4,7.8,6.2,6.5,Không có,Giải Nhất hùng biện tiếng Anh cấp trường
HS1232,Vũ Thu Hương,12,12C1,5.1,7.1,6.6,4.6,5.9,6.3,5.6,6.4,7.0,7.0,IELTS 6.5,Giải Khuyến khích nghiên cứu khoa học
HS1233,Vũ Đức Kiên,12,12A3,4.1,5.9,6.5,5.0,6.2,6.2,6.2,5.7,5.3,4.3,nan,Huy chương Bạc bóng rổ cấp quận
HS1234,Cao Bảo Ly,12,12A2,8.6,7.8,8.6,8.2,7.5,6.0,7.4,7.1,5.5,8.5,IELTS 6.0,Giải Khuyến khích nghiên cứu khoa học
HS1235,Nguyễn Văn Khôi,12,12A1,5.1,5.3,7.0,6.2,6.9,5.8,4.6,6.2,5.3,5.9,IELTS 6.0,Thành viên đội tuyển Tin học
HS1236,Đỗ Thị Quỳnh,12,12A3,8.7,6.9,6.4,5.4,7.8,7.0,7.5,6.4,8.9,8.3,Không có,Huy chương Bạc bóng rổ cấp quận
HS1237,Huỳnh Mạnh Khoa,12,12C1,9.3,8.7,8.0,7.8,7.4,7.7,8.0,9.1,9.1,9.4,Không có,Không có
HS1238,Tạ Ngọc Dung,12,12D1,7.9,5.7,6.0,7.4,4.7,5.8,7.0,6.2,5.2,5.7,Không có,Giải Ba học sinh giỏi cấp trường
HS1239,Vũ Anh Hải,12,12C1,5.9,5.6,8.4,6.2,6.9,7.4,6.3,7.1,7.0,6.4,Không có,Giải Nhì cờ vua cấp thành phố
HS1240,Nguyễn Thị Nhi,12,12A2,5.7,6.5,7.8,5.2,6.8,7.1,5.5,6.9,6.6,5.7,IELTS 5.5,Giải Nhất hùng biện tiếng Anh cấp trường
HS1241,Đoàn Anh Lâm,12,12A2,6.9,8.1,7.3,6.9,7.3,6.8,6.7,6.6,5.9,6.0,nan,Giải Khuyến khích nghiên cứu khoa học
HS1242,Mai Thanh Ly,12,12D1,6.9,8.7,8.9,7.3,7.3,7.1,8.0,7.3,7.1,6.7,Không có,Giải Ba học sinh giỏi cấp trường
HS1243,Đoàn Anh Dũng,12,12A1,5.5,5.1,5.3,6.8,6.7,6.2,4.8,5.3,5.5,6.5,IELTS 6.5,Giải Khuyến khích nghiên cứu khoa học
HS1244,Lý Hà Anh,12,12A1,6.0,7.4,6.0,6.2,6.7,7.0,6.2,8.1,8.2,6.2,nan,Giải Nhì cờ vua cấp thành phố
HS1245,Đỗ Khắc Phong,12,12A1,6.3,6.3,7.8,6.7,6.4,6.5,6.6,7.7,6.7,7.5,Không có,Giải Khuyến khích nghiên cứu khoa học
HS1246,Trần Phương Nga,12,12A1,10.0,8.7,7.9,9.1,8.6,6.3,6.6,7.7,7.1,6.6,Không có,Giải Nhì cờ vua cấp thành phố
HS1247,Trần Gia Việt,12,12A3,7.4,7.2,7.5,6.3,7.5,7.0,7.4,7.1,7.2,8.6,IELTS 6.5,Giải Nhất hùng biện tiếng Anh cấp trường
HS1248,Hồ Phương Quỳnh,12,12D1,7.5,7.9,7.2,8.4,7.0,7.1,7.4,6.2,7.7,7.2,Không có,Không có
HS1249,Đặng Minh An,12,12A2,8.0,7.0,6.8,6.6,8.5,7.7,6.5,8.9,6.8,7.5,nan,Thành viên CLB Truyền thông
HS1250,Nguyễn Thanh Trâm,12,12D1,9.1,8.6,7.9,8.1,8.7,9.0,10.0,8.5,9.5,9.1,nan,Không có
HS1251,Đỗ Anh Cường,12,12A3,6.9,7.5,8.0,7.7,7.9,9.1,7.6,7.0,6.9,6.7,nan,Không có
HS1252,Phạm Hà My,12,12C1,8.0,6.4,7.6,7.4,8.3,8.7,8.1,6.9,9.0,7.4,TOEIC 750,Thành viên CLB Truyền thông
HS1253,Mai Minh Kiên,12,12A2,7.0,6.6,6.5,5.4,7.8,5.5,6.2,6.0,6.0,5.2,Không có,Tình nguyện viên chiến dịch Mùa hè xanh
HS1254,Lê Ngọc Trâm,12,12C1,8.1,8.7,8.1,10.0,10.0,8.6,7.5,8.3,10.0,9.1,Không có,Không có
HS1255,Dương Đức Thắng,12,12C1,8.1,6.2,8.0,7.0,5.2,6.0,7.1,6.6,7.2,7.2,TOEFL iBT 85,Không có
HS1256,Đỗ Ngọc Chi,12,12A2,7.3,7.5,6.8,8.2,7.2,6.1,8.3,8.3,8.8,6.9,IELTS 5.5,Thành viên đội tuyển Tin học
HS1257,Huỳnh Quang Dũng,12,12A1,8.3,7.8,8.0,8.0,9.4,8.0,7.3,6.3,7.5,6.8,nan,Không có
HS1258,Phan Thanh Hương,12,12A1,6.9,7.8,7.4,7.2,5.9,7.9,6.1,6.8,5.7,8.7,TOEFL iBT 75,Giải Ba học sinh giỏi cấp trường
HS1259,Đinh Minh Hiếu,12,12A3,6.3,5.2,6.6,6.8,6.0,7.2,6.7,5.9,5.2,4.2,Không có,Tình nguyện viên chiến dịch Mùa hè xanh
HS1260,Nguyễn Thu My,12,12D1,6.2,8.0,8.0,6.7,8.1,7.8,8.2,7.7,7.2,8.0,nan,Không có
HS1261,Phạm Văn Tùng,12,12A2,5.9,4.5,6.1,4.8,7.9,6.8,4.9,5.9,6.6,4.1,TOEFL iBT 85,Không có
HS1262,Bùi Hà Anh,12,12D1,7.8,7.4,7.3,5.4,5.8,7.9,7.0,5.6,7.1,7.5,Không có,Không có
HS1263,Vũ Hữu Việt,12,12A3,7.5,9.2,8.9,8.0,6.8,8.7,8.4,8.5,9.6,7.2,TOEFL iBT 85,Thành viên đội tuyển Tin học
HS1264,Phan Bảo Yến,12,12A2,7.5,7.3,9.1,7.0,7.1,6.4,6.4,7.2,6.7,6.6,IELTS 5.5,Thành viên đội tuyển Tin học
HS1265,Vũ Quang Sơn,12,12A3,5.8,7.4,5.5,5.7,5.1,7.9,5.5,5.6,7.4,6.7,IELTS 5.5,Không có
HS1266,Cao Hoài Trâm,12,12A1,6.9,7.2,6.7,5.7,6.2,5.7,6.2,6.7,7.7,7.4,IELTS 5.5,Không có
HS1267,Mai Minh Hải,12,12C1,8.5,6.8,8.7,7.9,8.2,6.0,7.2,6.8,7.5,7.2,TOEFL iBT 75,Không có
HS1268,Tạ Thị Phương,12,12D1,7.4,7.5,7.9,7.4,8.2,6.6,7.7,7.1,7.2,7.4,TOEFL iBT 75,Không có
HS1269,Bùi Minh Phong,12,12A3,6.8,5.6,8.0,7.0,8.8,7.5,6.0,7.0,7.7,7.2,IELTS 6.0,Không có
HS1270,Hồ Hà Ly,12,12D1,7.3,7.5,6.4,6.5,6.7,6.3,6.9,7.6,6.7,8.6,TOEFL iBT 75,Thành viên đội tuyển Tin học
HS1271,Đặng Nhật Long,12,12C1,6.6,5.7,5.5,7.7,4.6,6.0,6.4,4.5,4.4,6.4,nan,Giải Ba học sinh giỏi cấp trường
HS1272,Huỳnh Hà Quỳnh,12,12A1,7.4,7.1,8.5,8.4,9.3,7.7,8.6,8.7,8.1,7.0,Không có,Tình nguyện viên chiến dịch Mùa hè xanh
HS1273,Tạ Hữu Sơn,12,12D1,7.7,8.3,8.7,10.0,8.8,7.7,8.7,9.1,7.4,8.5,Không có,Tình nguyện viên chiến dịch Mùa hè xanh
HS1274,Đinh Phương Nga,12,12C1,5.9,6.1,7.1,5.0,5.4,6.2,4.0,5.5,6.6,7.0,Không có,Không có
HS1275,Lý Anh An,12,12D1,7.2,8.3,6.0,8.6,7.8,7.6,7.8,6.6,6.7,6.1,TOEFL iBT 75,Tình nguyện viên chiến dịch Mùa hè xanh
HS1276,Lý Thị Nga,12,12A2,8.6,9.3,8.8,9.1,8.5,8.1,8.2,8.3,7.1,9.5,Không có,Không có
HS1277,Vũ Văn Sơn,12,12D1,6.8,6.7,6.4,7.1,5.2,7.5,6.9,7.3,6.1,7.4,IELTS 5.5,Không có
HS1278,Lý Bảo Yến,12,12A2,7.4,6.2,6.8,7.5,8.4,4.8,8.0,7.4,7.1,7.4,TOEFL iBT 75,Tình nguyện viên chiến dịch Mùa hè xanh
HS1279,Vũ Quang Long,12,12D1,8.0,6.2,5.2,5.9,6.4,7.0,8.6,7.1,7.0,7.6,Không có,Tình nguyện viên chiến dịch Mùa hè xanh
HS1280,Ngô Phương Hương,12,12A2,5.0,6.4,4.5,6.2,7.4,5.8,6.8,6.4,6.7,8.6,IELTS 7.0,Không có
HS1281,Đỗ Hữu Lâm,12,12C1,6.8,8.0,8.6,6.3,8.5,7.9,8.4,7.7,10.0,8.7,IELTS 7.0,Giải Nhất hùng biện tiếng Anh cấp trường
HS1282,Lý Mai Nhi,12,12A3,6.7,6.0,5.8,7.7,6.8,8.3,7.7,6.0,6.3,9.1,IELTS 6.0,Không có
HS1283,Nguyễn Tuấn Long,12,12C1,9.8,8.2,8.7,10.0,8.2,8.9,9.4,8.5,8.8,10.0,Không có,Không có
HS1284,Đỗ Thu Chi,12,12A3,8.4,7.5,8.1,6.7,6.8,7.8,8.8,8.2,7.9,7.9,HSK 3,Đội trưởng CLB Âm nhạc
HS1285,Mai Gia Việt,12,12D1,7.1,5.3,6.0,6.6,7.5,5.3,7.6,8.0,7.1,6.0,Không có,Không có
HS1286,Lê Phương Giang,12,12A1,5.1,6.9,5.4,5.2,5.2,4.0,4.7,6.5,5.2,6.7,TOEFL iBT 75,Tình nguyện viên chiến dịch Mùa hè xanh
HS1287,Vũ Hữu Dũng,12,12C1,4.3,7.4,6.4,4.0,5.1,4.9,6.0,6.6,4.7,6.6,Không có,Không có
HS1288,Trần Thị Vy,12,12A1,6.7,7.0,6.6,4.9,5.3,7.8,5.6,6.2,7.0,5.7,IELTS 7.0,Không có
HS1289,Trần Hữu Hải,12,12C1,6.1,6.8,6.2,6.3,5.1,6.8,4.9,6.4,7.2,6.9,TOEFL iBT 75,Không có
HS1290,Đinh Thanh Nhung,12,12A1,10.0,8.0,8.1,7.3,7.0,9.2,8.7,7.3,10.0,7.9,nan,Đội trưởng CLB Âm nhạc
HS1291,Lý Hữu Quân,12,12A2,7.6,8.1,6.6,7.1,5.5,6.2,7.6,7.6,4.4,8.4,IELTS 5.5,Không có
HS1292,Mai Ngọc Ly,12,12A2,8.7,6.8,5.4,6.4,7.8,6.1,6.4,6.8,8.2,6.3,Không có,Không có
HS1293,Đinh Anh Hưng,12,12A3,7.1,5.7,4.5,6.2,6.5,4.4,4.7,5.1,6.6,6.0,nan,Giải Ba học sinh giỏi cấp trường
HS1294,Đỗ Bảo Yến,12,12A1,6.9,6.7,7.5,8.2,6.4,8.2,6.0,7.3,6.4,6.1,nan,Không có
HS1295,Đinh Anh Quân,12,12A1,7.4,7.2,7.0,7.4,6.9,6.7,7.3,6.5,6.0,7.9,nan,Giải Khuyến khích nghiên cứu khoa học
HS1296,Hồ Hà My,12,12D1,8.2,6.7,6.9,9.6,8.3,5.9,6.9,6.6,7.0,6.4,IELTS 6.0,Không có
HS1297,Hoàng Quang Bình,12,12A2,7.3,6.1,7.3,8.3,7.0,4.8,7.0,5.8,6.6,6.3,nan,Giải Nhất hùng biện tiếng Anh cấp trường
HS1298,Lý Bảo Chi,12,12C1,9.9,6.9,8.0,7.1,7.9,7.5,6.8,7.5,7.2,7.8,IELTS 6.0,Tình nguyện viên chiến dịch Mùa hè xanh
HS1299,Lê Minh Lâm,12,12C1,6.1,7.2,6.5,6.2,6.8,6.4,6.3,6.8,7.2,6.5,nan,Giải Nhì cờ vua cấp thành phố
HS1300,Lê Hoài Ly,12,12A3,6.2,6.0,7.2,7.7,6.8,6.5,8.1,9.2,7.8,9.1,Không có,Huy chương Bạc bóng rổ cấp quận
