ma_nganh,ten_nganh,khoi_thi,to_hop_mon_xet_tuyen,mo_ta_nganh,mon_hoc_trong_tam,to_chat_phu_hop,co_hoi_viec_lam,muc_luong_khoi_diem
7480201,Công nghệ thông tin,"A00, A01, D01","A00: Toán, Lý, Hóa; A01: Toán, Lý, Anh; D01: Toán, Văn, Anh","Ngành đào tạo về lập trình, hệ thống phần mềm, cơ sở dữ liệu và giải pháp số.","Toán rời rạc, Cấu trúc dữ liệu, Lập trình Python, Cơ sở dữ liệu","Tư duy logic, kiên trì, thích giải quyết vấn đề","Lập trình viên, kỹ sư phần mềm, quản trị hệ thống",12 - 20 triệu VNĐ/tháng
7480107,Trí tuệ nhân tạo,"A00, A01, D07","A00: Toán, Lý, Hóa; A01: Toán, Lý, Anh; D07: Toán, Hóa, Anh","Ngành nghiên cứu mô hình máy học và hệ thống có khả năng phân tích, dự đoán, hỗ trợ ra quyết định.","Toán cao cấp, Xác suất thống kê, Machine Learning, Deep Learning","Giỏi toán, thích dữ liệu, tư duy phân tích","Kỹ sư AI, kỹ sư dữ liệu, chuyên viên phân tích dữ liệu",15 - 25 triệu VNĐ/tháng
7340101,Quản trị kinh doanh,"A00, A01, D01","A00: Toán, Lý, Hóa; A01: Toán, Lý, Anh; D01: Toán, Văn, Anh","Ngành học về quản lý doanh nghiệp, chiến lược, marketing, tài chính và vận hành.","Quản trị học, Marketing, Tài chính doanh nghiệp, Hành vi tổ chức","Giao tiếp tốt, năng động, thích kinh doanh","Chuyên viên kinh doanh, quản lý dự án, marketing executive",10 - 16 triệu VNĐ/tháng
7340201,Tài chính ngân hàng,"A00, A01, D01","A00: Toán, Lý, Hóa; A01: Toán, Lý, Anh; D01: Toán, Văn, Anh","Ngành nghiên cứu tài chính, ngân hàng, đầu tư và quản trị rủi ro.","Tài chính doanh nghiệp, Kế toán, Phân tích đầu tư, Ngân hàng thương mại","Cẩn thận, giỏi tính toán, quan tâm kinh tế","Chuyên viên tín dụng, phân tích tài chính, giao dịch viên",10 - 18 triệu VNĐ/tháng
7340301,Kế toán,"A00, A01, D01","A00: Toán, Lý, Hóa; A01: Toán, Lý, Anh; D01: Toán, Văn, Anh","Ngành đào tạo về ghi nhận, kiểm tra và báo cáo thông tin tài chính.","Nguyên lý kế toán, Kiểm toán, Thuế, Excel tài chính","Tỉ mỉ, trung thực, yêu thích số liệu","Kế toán viên, kiểm toán viên, tư vấn thuế",9 - 15 triệu VNĐ/tháng
7340120,Kinh doanh quốc tế,"A01, D01, D07","A01: Toán, Lý, Anh; D01: Toán, Văn, Anh; D07: Toán, Hóa, Anh","Ngành học về thương mại toàn cầu, xuất nhập khẩu và quản trị chuỗi cung ứng quốc tế.","Thương mại quốc tế, Logistics, Marketing quốc tế, Tiếng Anh thương mại","Ngoại ngữ tốt, năng động, thích môi trường quốc tế","Nhân viên xuất nhập khẩu, logistics, phát triển thị trường",11 - 18 triệu VNĐ/tháng
7340115,Marketing,"A01, D01, C00","A01: Toán, Lý, Anh; D01: Toán, Văn, Anh; C00: Văn, Sử, Địa","Ngành đào tạo về nghiên cứu thị trường, thương hiệu, truyền thông và bán hàng.","Marketing căn bản, Digital Marketing, Hành vi khách hàng, Phân tích dữ liệu","Sáng tạo, giao tiếp tốt, nhạy xu hướng","Content marketing, digital marketer, brand executive",10 - 18 triệu VNĐ/tháng
7320104,Truyền thông đa phương tiện,"A01, D01, C00","A01: Toán, Lý, Anh; D01: Toán, Văn, Anh; C00: Văn, Sử, Địa","Ngành kết hợp nội dung, thiết kế, công nghệ và truyền thông số.","Sản xuất nội dung, Thiết kế đồ họa, Dựng phim, Truyền thông số","Sáng tạo, thẩm mỹ tốt, thích kể chuyện","Biên tập viên số, thiết kế nội dung, media planner",9 - 16 triệu VNĐ/tháng
7220201,Ngôn ngữ Anh,"D01, A01","D01: Toán, Văn, Anh; A01: Toán, Lý, Anh","Ngành đào tạo năng lực tiếng Anh, biên phiên dịch và giao tiếp liên văn hóa.","Ngữ pháp nâng cao, Biên dịch, Phiên dịch, Văn hóa Anh Mỹ","Yêu thích ngoại ngữ, chăm chỉ, giao tiếp tốt","Biên phiên dịch, giáo viên tiếng Anh, nhân sự đối ngoại",9 - 16 triệu VNĐ/tháng
7380101,Luật,"A00, D01, C00","A00: Toán, Lý, Hóa; D01: Toán, Văn, Anh; C00: Văn, Sử, Địa","Ngành nghiên cứu hệ thống pháp luật, tư duy pháp lý và giải quyết tranh chấp.","Luật dân sự, Luật hình sự, Luật kinh tế, Kỹ năng tranh tụng","Tư duy phản biện, đọc hiểu tốt, cẩn trọng","Chuyên viên pháp chế, luật sư, tư vấn pháp luật",10 - 18 triệu VNĐ/tháng
7310101,Kinh tế,"A00, A01, D01","A00: Toán, Lý, Hóa; A01: Toán, Lý, Anh; D01: Toán, Văn, Anh","Ngành nghiên cứu hoạt động sản xuất, phân phối và tiêu dùng trong nền kinh tế.","Kinh tế vi mô, Kinh tế vĩ mô, Kinh tế lượng, Phân tích chính sách","Tư duy phân tích, quan tâm xã hội và thị trường","Chuyên viên phân tích, nghiên cứu thị trường, tư vấn kinh tế",10 - 17 triệu VNĐ/tháng
7310205,Quản lý nhà nước,"A01, D01, C00","A01: Toán, Lý, Anh; D01: Toán, Văn, Anh; C00: Văn, Sử, Địa","Ngành học về quản trị công, chính sách công và tổ chức bộ máy hành chính.","Hành chính công, Chính sách công, Luật hành chính, Quản trị nhân lực công","Trách nhiệm, giao tiếp tốt, thích phục vụ cộng đồng","Cán bộ hành chính, chuyên viên chính sách, quản lý dự án công",8 - 14 triệu VNĐ/tháng
7720101,Y khoa,"B00, D07","B00: Toán, Hóa, Sinh; D07: Toán, Hóa, Anh","Ngành đào tạo bác sĩ đa khoa, chăm sóc và điều trị sức khỏe con người.","Giải phẫu, Sinh lý, Hóa sinh, Nội khoa, Ngoại khoa","Kiên trì, chịu áp lực tốt, có trách nhiệm","Bác sĩ đa khoa, bác sĩ chuyên khoa sau đào tạo",15 - 30 triệu VNĐ/tháng
7720201,Dược học,"A00, B00, D07","A00: Toán, Lý, Hóa; B00: Toán, Hóa, Sinh; D07: Toán, Hóa, Anh","Ngành nghiên cứu thuốc, dược liệu, sản xuất và tư vấn sử dụng thuốc.","Hóa dược, Dược lý, Bào chế, Kiểm nghiệm thuốc","Cẩn thận, giỏi hóa sinh, trách nhiệm cao","Dược sĩ, kiểm nghiệm viên, trình dược viên",12 - 22 triệu VNĐ/tháng
7580201,Kỹ thuật xây dựng,"A00, A01","A00: Toán, Lý, Hóa; A01: Toán, Lý, Anh","Ngành đào tạo thiết kế, thi công và quản lý công trình xây dựng.","Sức bền vật liệu, Kết cấu bê tông, Trắc địa, Quản lý dự án","Thực tế, giỏi hình học, chịu khó đi công trình","Kỹ sư xây dựng, giám sát công trình, quản lý dự án",10 - 18 triệu VNĐ/tháng
7520201,Kỹ thuật điện,"A00, A01","A00: Toán, Lý, Hóa; A01: Toán, Lý, Anh","Ngành học về hệ thống điện, truyền tải điện, thiết bị điện và tự động hóa.","Mạch điện, Máy điện, Hệ thống điện, Điều khiển tự động","Giỏi vật lí, thích thiết bị kỹ thuật, cẩn thận","Kỹ sư điện, kỹ sư vận hành, kỹ sư bảo trì",11 - 20 triệu VNĐ/tháng
7520216,Kỹ thuật điều khiển và tự động hóa,"A00, A01","A00: Toán, Lý, Hóa; A01: Toán, Lý, Anh","Ngành đào tạo hệ thống điều khiển, robot, tự động hóa trong sản xuất.","Điều khiển tự động, PLC, Robot, Cảm biến công nghiệp","Tư duy hệ thống, thích máy móc, kiên trì","Kỹ sư tự động hóa, kỹ sư robot, kỹ sư PLC",12 - 22 triệu VNĐ/tháng
7510205,Công nghệ kỹ thuật ô tô,"A00, A01","A00: Toán, Lý, Hóa; A01: Toán, Lý, Anh","Ngành đào tạo về cấu tạo, chẩn đoán, bảo dưỡng và công nghệ xe hiện đại.","Động cơ đốt trong, Điện ô tô, Chẩn đoán lỗi, CAD","Thích kỹ thuật, thực hành tốt, cẩn thận","Kỹ sư dịch vụ ô tô, kỹ thuật viên chẩn đoán, cố vấn dịch vụ",10 - 18 triệu VNĐ/tháng
7580101,Kiến trúc,"V00, V01, A01","V00: Toán, Lý, Vẽ; V01: Toán, Văn, Vẽ; A01: Toán, Lý, Anh","Ngành kết hợp kỹ thuật, nghệ thuật và thiết kế không gian sống.","Hình họa, Nguyên lý thiết kế, Cấu tạo kiến trúc, Quy hoạch","Sáng tạo, thẩm mỹ tốt, kiên trì luyện vẽ","Kiến trúc sư, thiết kế nội thất, quy hoạch đô thị",10 - 20 triệu VNĐ/tháng
7420201,Công nghệ sinh học,"A00, B00, D07","A00: Toán, Lý, Hóa; B00: Toán, Hóa, Sinh; D07: Toán, Hóa, Anh","Ngành ứng dụng sinh học trong y dược, nông nghiệp, môi trường và công nghiệp.","Sinh học phân tử, Vi sinh, Di truyền, Công nghệ enzyme","Yêu thích sinh học, tỉ mỉ, thích nghiên cứu","Kỹ thuật viên phòng thí nghiệm, R&D sinh học, kiểm nghiệm",10 - 18 triệu VNĐ/tháng
7440301,Khoa học môi trường,"A00, B00, D07","A00: Toán, Lý, Hóa; B00: Toán, Hóa, Sinh; D07: Toán, Hóa, Anh","Ngành nghiên cứu môi trường, tài nguyên và giải pháp phát triển bền vững.","Hóa môi trường, Quan trắc, GIS, Đánh giá tác động môi trường","Quan tâm thiên nhiên, tư duy phân tích, trách nhiệm xã hội","Chuyên viên môi trường, quan trắc viên, tư vấn EIA",9 - 16 triệu VNĐ/tháng
7510605,Logistics và quản lý chuỗi cung ứng,"A00, A01, D01","A00: Toán, Lý, Hóa; A01: Toán, Lý, Anh; D01: Toán, Văn, Anh","Ngành học về vận tải, kho bãi, mua hàng, phân phối và tối ưu chuỗi cung ứng.","Quản trị logistics, Vận tải, Kho hàng, Phân tích dữ liệu","Tổ chức tốt, thích tối ưu, chịu áp lực thời gian","Nhân viên logistics, điều phối vận tải, quản lý kho",10 - 18 triệu VNĐ/tháng
7810103,Quản trị dịch vụ du lịch và lữ hành,"A01, D01, C00","A01: Toán, Lý, Anh; D01: Toán, Văn, Anh; C00: Văn, Sử, Địa","Ngành đào tạo tổ chức tour, quản lý dịch vụ du lịch và trải nghiệm khách hàng.","Tuyến điểm du lịch, Marketing du lịch, Điều hành tour, Ngoại ngữ","Giao tiếp tốt, năng động, thích khám phá","Điều hành tour, hướng dẫn viên, chuyên viên du lịch",8 - 15 triệu VNĐ/tháng
7810201,Quản trị khách sạn,"A01, D01, C00","A01: Toán, Lý, Anh; D01: Toán, Văn, Anh; C00: Văn, Sử, Địa","Ngành đào tạo vận hành khách sạn, nhà hàng và dịch vụ lưu trú.","Quản trị tiền sảnh, Buồng phòng, F&B, Chăm sóc khách hàng","Lịch sự, giao tiếp tốt, chịu được ca kíp","Nhân viên lễ tân, giám sát khách sạn, quản lý dịch vụ",8 - 16 triệu VNĐ/tháng
7140202,Giáo dục tiểu học,"D01, C00, A00","D01: Toán, Văn, Anh; C00: Văn, Sử, Địa; A00: Toán, Lý, Hóa",Ngành đào tạo giáo viên tiểu học có năng lực sư phạm và tổ chức lớp học.,"Tâm lý học giáo dục, Phương pháp dạy Toán, Tiếng Việt, Đánh giá học sinh","Yêu trẻ, kiên nhẫn, truyền đạt tốt","Giáo viên tiểu học, chuyên viên giáo dục",8 - 14 triệu VNĐ/tháng
7140231,Sư phạm tiếng Anh,"D01, A01","D01: Toán, Văn, Anh; A01: Toán, Lý, Anh",Ngành đào tạo giáo viên tiếng Anh cho các bậc học phổ thông và trung tâm ngoại ngữ.,"Ngôn ngữ học, Phương pháp giảng dạy, Biên phiên dịch, Đánh giá năng lực","Yêu thích giảng dạy, tiếng Anh tốt, kiên nhẫn","Giáo viên tiếng Anh, chuyên viên đào tạo, biên phiên dịch",9 - 16 triệu VNĐ/tháng
7320201,Thông tin thư viện,"A01, D01, C00","A01: Toán, Lý, Anh; D01: Toán, Văn, Anh; C00: Văn, Sử, Địa","Ngành đào tạo quản trị thông tin, dữ liệu tài liệu và dịch vụ thư viện số.","Quản trị thông tin, Cơ sở dữ liệu, Thư viện số, Phân loại tài liệu","Cẩn thận, thích tổ chức thông tin, hỗ trợ người dùng","Thủ thư số, chuyên viên quản trị dữ liệu, lưu trữ viên",8 - 14 triệu VNĐ/tháng
7460108,Khoa học dữ liệu,"A00, A01, D07","A00: Toán, Lý, Hóa; A01: Toán, Lý, Anh; D07: Toán, Hóa, Anh","Ngành khai thác dữ liệu, thống kê và mô hình dự đoán phục vụ ra quyết định.","Thống kê, Python, Cơ sở dữ liệu, Trực quan hóa dữ liệu","Tư duy phân tích, giỏi toán, thích khám phá dữ liệu","Data analyst, data scientist, BI analyst",14 - 25 triệu VNĐ/tháng
7510301,Công nghệ kỹ thuật điện tử viễn thông,"A00, A01","A00: Toán, Lý, Hóa; A01: Toán, Lý, Anh","Ngành đào tạo thiết kế, vận hành hệ thống điện tử, viễn thông và IoT.","Mạch điện tử, Vi xử lý, Truyền thông số, IoT","Thích phần cứng, giỏi vật lí, tỉ mỉ","Kỹ sư viễn thông, kỹ sư IoT, kỹ sư nhúng",11 - 21 triệu VNĐ/tháng
7210403,Thiết kế đồ họa,"H00, H01, D01","H00: Văn, Vẽ, Trang trí màu; H01: Toán, Văn, Vẽ; D01: Toán, Văn, Anh","Ngành đào tạo tư duy thị giác, nhận diện thương hiệu và sản phẩm truyền thông.","Nguyên lý thị giác, Photoshop, Illustrator, UI cơ bản","Sáng tạo, thẩm mỹ tốt, chịu khó luyện kỹ năng","Graphic designer, UI designer, motion designer",9 - 18 triệu VNĐ/tháng
