ten_truong,ma_truong,loai_hinh,ma_nganh,khoi_xet_tuyen,diem_cong,diem_chuan,hoc_phi,chinh_sach_hoc_bong
Đại học Bách khoa Hà Nội,BKA,công lập,7480201,"A01, A00, D01",Cộng tối đa 2 điểm cho chứng chỉ quốc tế phù hợp,8.67,20 - 35 triệu VNĐ/năm,Học bổng khuyến khích học tập theo từng kỳ
Trường Đại học Khoa học Tự nhiên - ĐHQGHN,QHT,công lập,7480201,"D01, A00, A01",Cộng 0.5 điểm nếu IELTS từ 6.5,8.03,20 - 35 triệu VNĐ/năm,Học bổng 25% - 50% cho học sinh có điểm cao
Trường Đại học Mỏ - Địa chất,MDA,công lập,7480201,"A00, A01",Không có,5.75,20 - 35 triệu VNĐ/năm,Không công bố chính sách riêng
Học viện Tài chính,HTC,công lập,7480107,"A00, A01",Không có,8.91,15 - 25 triệu VNĐ/năm,Học bổng 25% - 50% cho học sinh có điểm cao
Trường Đại học Hà Nội,NHF,công lập,7480107,"A01, D07, A00",Cộng 0.5 điểm nếu IELTS từ 6.5,7.23,15 - 25 triệu VNĐ/năm,Học bổng 25% - 50% cho học sinh có điểm cao
Trường Đại học Y Hà Nội,YHB,công lập,7480107,"A01, D07, A00",Cộng 1 điểm nếu IELTS từ 7.0; tối đa 3 điểm,6.58,12 - 18 triệu VNĐ/năm,Học bổng khuyến khích học tập theo từng kỳ
Trường Đại học Công nghệ - ĐHQGHN,QHI-CN,công lập,7340101,A00,Cộng 1 điểm nếu IELTS từ 7.0; tối đa 3 điểm,9.33,12 - 18 triệu VNĐ/năm,Không công bố chính sách riêng
Trường Đại học Xây dựng Hà Nội,XDA,công lập,7340101,"A01, D01, A00",Cộng 1 điểm nếu IELTS từ 7.0; tối đa 3 điểm,7.04,12 - 18 triệu VNĐ/năm,Học bổng 25% - 50% cho học sinh có điểm cao
Trường Đại học Công nghiệp Hà Nội,DCN,công lập,7340101,"D01, A00",Cộng 1 điểm nếu IELTS từ 7.0; tối đa 3 điểm,6.65,15 - 25 triệu VNĐ/năm,Học bổng khuyến khích học tập theo từng kỳ
Trường Đại học Sư phạm Hà Nội,SPH,công lập,7340201,"D01, A00, A01",Cộng 1 điểm nếu IELTS từ 7.0; tối đa 3 điểm,8.76,20 - 35 triệu VNĐ/năm,Học bổng 25% - 50% cho học sinh có điểm cao
Học viện Nông nghiệp Việt Nam,HVN,công lập,7340201,A01,Cộng 1 điểm nếu IELTS từ 7.0; tối đa 3 điểm,7.21,20 - 35 triệu VNĐ/năm,Học bổng khuyến khích học tập theo từng kỳ
Trường Đại học Văn hóa Hà Nội,VHH,công lập,7340201,A01,Cộng 0.5 điểm nếu IELTS từ 6.5,5.61,12 - 18 triệu VNĐ/năm,Không công bố chính sách riêng
Trường Đại học Giao thông Vận tải,GHA,công lập,7340301,A01,Cộng 1 điểm nếu IELTS từ 7.0; tối đa 3 điểm,9.43,20 - 35 triệu VNĐ/năm,Học bổng 25% - 50% cho học sinh có điểm cao
Trường Đại học Kiến trúc Hà Nội,KTA,công lập,7340301,"D01, A00",Cộng tối đa 2 điểm cho chứng chỉ quốc tế phù hợp,7.23,12 - 18 triệu VNĐ/năm,Học bổng khuyến khích học tập theo từng kỳ
Trường Đại học Phenikaa,PKA,tư thục,7340301,"D01, A01",Ưu tiên theo quy chế tuyển sinh hiện hành,5.05,55 - 80 triệu VNĐ/năm,Không công bố chính sách riêng
Học viện Công nghệ Bưu chính Viễn thông,BVH,công lập,7340120,"D07, D01, A01",Ưu tiên theo quy chế tuyển sinh hiện hành,9.31,12 - 18 triệu VNĐ/năm,Học bổng toàn phần cho thủ khoa đầu vào
Trường Đại học Lao động - Xã hội,DLX,công lập,7340120,D01,Cộng 0.5 điểm nếu IELTS từ 6.5,7.14,12 - 18 triệu VNĐ/năm,Hỗ trợ vay học phí theo chính sách nhà trường
Trường Đại học Nguyễn Trãi,NTU,tư thục,7340120,"D07, D01, A01",Cộng 1 điểm nếu IELTS từ 7.0; tối đa 3 điểm,5.66,55 - 80 triệu VNĐ/năm,Học bổng khuyến khích học tập theo từng kỳ
Trường Đại học Dược Hà Nội,DKH,công lập,7340115,C00,Cộng 0.5 điểm nếu IELTS từ 6.5,8.51,20 - 35 triệu VNĐ/năm,Học bổng khuyến khích học tập theo từng kỳ
Trường Đại học FPT Hà Nội,FPT,tư thục,7340115,"A01, D01",Cộng 0.5 điểm nếu IELTS từ 6.5,7.01,18 - 25 triệu VNĐ/năm,Học bổng toàn phần cho thủ khoa đầu vào
Cao đẳng Du lịch Hà Nội,CDL,công lập,7340115,"A01, C00, D01",Cộng 1 điểm nếu IELTS từ 7.0; tối đa 3 điểm,5.85,12 - 18 triệu VNĐ/năm,Không công bố chính sách riêng
Trường Đại học Điện lực,DDL,công lập,7320104,"C00, D01, A01",Ưu tiên theo quy chế tuyển sinh hiện hành,9.33,15 - 25 triệu VNĐ/năm,Học bổng khuyến khích học tập theo từng kỳ
Trường Đại học Đại Nam,DDN,tư thục,7320104,"C00, A01, D01",Cộng 0.5 điểm nếu IELTS từ 6.5,7.25,25 - 35 triệu VNĐ/năm,Học bổng toàn phần cho thủ khoa đầu vào
Cao đẳng Điện tử - Điện lạnh Hà Nội,CDT,công lập,7320104,C00,Cộng 1 điểm nếu IELTS từ 7.0; tối đa 3 điểm,6.61,20 - 35 triệu VNĐ/năm,Không công bố chính sách riêng
Trường Đại học Tài nguyên và Môi trường Hà Nội,DMT,công lập,7220201,"A01, D01",Không có,8.64,12 - 18 triệu VNĐ/năm,Học bổng 25% - 50% cho học sinh có điểm cao
Cao đẳng Công nghệ Bách khoa Hà Nội,CBK,tư thục,7220201,"A01, D01",Không có,8.06,55 - 80 triệu VNĐ/năm,Hỗ trợ vay học phí theo chính sách nhà trường
Cao đẳng Cộng đồng Hà Nội,CCD,công lập,7220201,"A01, D01",Cộng 0.5 điểm nếu IELTS từ 6.5,5.84,15 - 25 triệu VNĐ/năm,Học bổng toàn phần cho thủ khoa đầu vào
Trường Đại học Thăng Long,DTL,tư thục,7380101,"C00, D01",Cộng tối đa 2 điểm cho chứng chỉ quốc tế phù hợp,8.5,12 - 18 triệu VNĐ/năm,Học bổng toàn phần cho thủ khoa đầu vào
Cao đẳng Kinh tế Công nghiệp Hà Nội,CKI,công lập,7380101,"D01, A00",Không có,8.05,15 - 25 triệu VNĐ/năm,Hỗ trợ vay học phí theo chính sách nhà trường
Trường Đại học Kinh tế Quốc dân,KHA,công lập,7380101,D01,Cộng tối đa 2 điểm cho chứng chỉ quốc tế phù hợp,6.48,12 - 18 triệu VNĐ/năm,Học bổng 25% - 50% cho học sinh có điểm cao
Cao đẳng FPT Polytechnic Hà Nội,FPL,tư thục,7310101,"A01, A00",Ưu tiên theo quy chế tuyển sinh hiện hành,8.59,12 - 18 triệu VNĐ/năm,Hỗ trợ vay học phí theo chính sách nhà trường
Cao đẳng Thương mại và Du lịch Hà Nội,CTD,công lập,7310101,"A01, A00",Cộng 0.5 điểm nếu IELTS từ 6.5,7.29,20 - 35 triệu VNĐ/năm,Học bổng toàn phần cho thủ khoa đầu vào
Học viện Ngân hàng,NHH,công lập,7310101,"D01, A00",Không có,6.68,20 - 35 triệu VNĐ/năm,Học bổng khuyến khích học tập theo từng kỳ
Cao đẳng Y tế Hà Nội,CYH,công lập,7310205,"A01, C00",Cộng 1 điểm nếu IELTS từ 7.0; tối đa 3 điểm,8.84,15 - 25 triệu VNĐ/năm,Học bổng 25% - 50% cho học sinh có điểm cao
Đại học Bách khoa Hà Nội,BKA,công lập,7310205,"A01, D01",Cộng tối đa 2 điểm cho chứng chỉ quốc tế phù hợp,7.86,12 - 18 triệu VNĐ/năm,Không công bố chính sách riêng
Trường Đại học Khoa học Tự nhiên - ĐHQGHN,QHT,công lập,7310205,"D01, A01",Cộng 0.5 điểm nếu IELTS từ 6.5,5.51,12 - 18 triệu VNĐ/năm,Không công bố chính sách riêng
Cao đẳng Nghề Công nghiệp Hà Nội,CNI,công lập,7720101,B00,Cộng 0.5 điểm nếu IELTS từ 6.5,9.06,15 - 25 triệu VNĐ/năm,Học bổng 25% - 50% cho học sinh có điểm cao
Học viện Tài chính,HTC,công lập,7720101,"B00, D07",Cộng 0.5 điểm nếu IELTS từ 6.5,8.06,20 - 35 triệu VNĐ/năm,Hỗ trợ vay học phí theo chính sách nhà trường
Trường Đại học Hà Nội,NHF,công lập,7720101,B00,Không có,5.83,12 - 18 triệu VNĐ/năm,Học bổng toàn phần cho thủ khoa đầu vào
Cao đẳng Quốc tế Hà Nội,CQH,tư thục,7720201,"B00, A00",Cộng 1 điểm nếu IELTS từ 7.0; tối đa 3 điểm,8.52,55 - 80 triệu VNĐ/năm,Học bổng toàn phần cho thủ khoa đầu vào
Trường Đại học Công nghệ - ĐHQGHN,QHI-CN,công lập,7720201,"D07, A00",Cộng 0.5 điểm nếu IELTS từ 6.5,8.06,20 - 35 triệu VNĐ/năm,Học bổng 25% - 50% cho học sinh có điểm cao
Trường Đại học Xây dựng Hà Nội,XDA,công lập,7720201,"A00, D07, B00",Cộng 1 điểm nếu IELTS từ 7.0; tối đa 3 điểm,5.79,15 - 25 triệu VNĐ/năm,Hỗ trợ vay học phí theo chính sách nhà trường
Trường Đại học Ngoại thương,NTH,công lập,7580201,"A01, A00",Cộng tối đa 2 điểm cho chứng chỉ quốc tế phù hợp,9.38,20 - 35 triệu VNĐ/năm,Không công bố chính sách riêng
Trường Đại học Sư phạm Hà Nội,SPH,công lập,7580201,A01,Cộng 1 điểm nếu IELTS từ 7.0; tối đa 3 điểm,7.9,20 - 35 triệu VNĐ/năm,Học bổng khuyến khích học tập theo từng kỳ
Học viện Nông nghiệp Việt Nam,HVN,công lập,7580201,A01,Cộng 0.5 điểm nếu IELTS từ 6.5,5.23,20 - 35 triệu VNĐ/năm,Không công bố chính sách riêng
Đại học Quốc gia Hà Nội,QHI,công lập,7520201,"A01, A00",Ưu tiên theo quy chế tuyển sinh hiện hành,8.72,20 - 35 triệu VNĐ/năm,Học bổng khuyến khích học tập theo từng kỳ
Trường Đại học Giao thông Vận tải,GHA,công lập,7520201,A01,Không có,8.03,15 - 25 triệu VNĐ/năm,Học bổng khuyến khích học tập theo từng kỳ
Trường Đại học Kiến trúc Hà Nội,KTA,công lập,7520201,A01,Cộng 1 điểm nếu IELTS từ 7.0; tối đa 3 điểm,6.55,20 - 35 triệu VNĐ/năm,Học bổng toàn phần cho thủ khoa đầu vào
Trường Đại học Khoa học Xã hội và Nhân văn - ĐHQGHN,QHX,công lập,7520216,"A00, A01",Cộng tối đa 2 điểm cho chứng chỉ quốc tế phù hợp,8.91,15 - 25 triệu VNĐ/năm,Hỗ trợ vay học phí theo chính sách nhà trường
Học viện Công nghệ Bưu chính Viễn thông,BVH,công lập,7520216,A00,Cộng 1 điểm nếu IELTS từ 7.0; tối đa 3 điểm,7.12,15 - 25 triệu VNĐ/năm,Hỗ trợ vay học phí theo chính sách nhà trường
Trường Đại học Lao động - Xã hội,DLX,công lập,7520216,"A00, A01",Cộng 1 điểm nếu IELTS từ 7.0; tối đa 3 điểm,5.95,12 - 18 triệu VNĐ/năm,Học bổng 25% - 50% cho học sinh có điểm cao
Trường Đại học Thương mại,TMA,công lập,7510205,"A00, A01",Cộng tối đa 2 điểm cho chứng chỉ quốc tế phù hợp,8.35,20 - 35 triệu VNĐ/năm,Hỗ trợ vay học phí theo chính sách nhà trường
Trường Đại học Dược Hà Nội,DKH,công lập,7510205,A00,Cộng 0.5 điểm nếu IELTS từ 6.5,7.77,12 - 18 triệu VNĐ/năm,Hỗ trợ vay học phí theo chính sách nhà trường
Trường Đại học FPT Hà Nội,FPT,tư thục,7510205,A00,Cộng 1 điểm nếu IELTS từ 7.0; tối đa 3 điểm,6.34,25 - 35 triệu VNĐ/năm,Học bổng toàn phần cho thủ khoa đầu vào
Trường Đại học Mỏ - Địa chất,MDA,công lập,7580101,"A01, V01",Cộng 0.5 điểm nếu IELTS từ 6.5,9.46,20 - 35 triệu VNĐ/năm,Học bổng 25% - 50% cho học sinh có điểm cao
Trường Đại học Điện lực,DDL,công lập,7580101,"V01, A01, V00",Không có,7.36,20 - 35 triệu VNĐ/năm,Không công bố chính sách riêng
Trường Đại học Đại Nam,DDN,tư thục,7580101,"V01, A01",Cộng tối đa 2 điểm cho chứng chỉ quốc tế phù hợp,5.72,12 - 18 triệu VNĐ/năm,Học bổng 25% - 50% cho học sinh có điểm cao
Trường Đại học Y Hà Nội,YHB,công lập,7420201,"D07, A00, B00",Cộng 1 điểm nếu IELTS từ 7.0; tối đa 3 điểm,9.16,20 - 35 triệu VNĐ/năm,Không công bố chính sách riêng
Trường Đại học Tài nguyên và Môi trường Hà Nội,DMT,công lập,7420201,A00,Ưu tiên theo quy chế tuyển sinh hiện hành,8.02,12 - 18 triệu VNĐ/năm,Không công bố chính sách riêng
Cao đẳng Công nghệ Bách khoa Hà Nội,CBK,tư thục,7420201,"D07, B00",Cộng 0.5 điểm nếu IELTS từ 6.5,5.15,18 - 25 triệu VNĐ/năm,Học bổng khuyến khích học tập theo từng kỳ
Trường Đại học Công nghiệp Hà Nội,DCN,công lập,7440301,"D07, B00",Ưu tiên theo quy chế tuyển sinh hiện hành,9.38,15 - 25 triệu VNĐ/năm,Học bổng toàn phần cho thủ khoa đầu vào
Trường Đại học Thăng Long,DTL,tư thục,7440301,"D07, A00, B00",Ưu tiên theo quy chế tuyển sinh hiện hành,7.54,25 - 35 triệu VNĐ/năm,Học bổng khuyến khích học tập theo từng kỳ
Cao đẳng Kinh tế Công nghiệp Hà Nội,CKI,công lập,7440301,"B00, A00",Cộng 0.5 điểm nếu IELTS từ 6.5,6.14,20 - 35 triệu VNĐ/năm,Học bổng khuyến khích học tập theo từng kỳ
Trường Đại học Văn hóa Hà Nội,VHH,công lập,7510605,"A00, A01, D01",Cộng tối đa 2 điểm cho chứng chỉ quốc tế phù hợp,9.31,12 - 18 triệu VNĐ/năm,Hỗ trợ vay học phí theo chính sách nhà trường
Cao đẳng FPT Polytechnic Hà Nội,FPL,tư thục,7510605,A01,Cộng tối đa 2 điểm cho chứng chỉ quốc tế phù hợp,6.92,35 - 55 triệu VNĐ/năm,Hỗ trợ vay học phí theo chính sách nhà trường
Cao đẳng Thương mại và Du lịch Hà Nội,CTD,công lập,7510605,"A01, A00, D01",Ưu tiên theo quy chế tuyển sinh hiện hành,6.12,15 - 25 triệu VNĐ/năm,Hỗ trợ vay học phí theo chính sách nhà trường
Trường Đại học Phenikaa,PKA,tư thục,7810103,"D01, C00",Không có,9.06,18 - 25 triệu VNĐ/năm,Hỗ trợ vay học phí theo chính sách nhà trường
Cao đẳng Y tế Hà Nội,CYH,công lập,7810103,"C00, A01, D01",Cộng tối đa 2 điểm cho chứng chỉ quốc tế phù hợp,7.23,15 - 25 triệu VNĐ/năm,Học bổng 25% - 50% cho học sinh có điểm cao
Đại học Bách khoa Hà Nội,BKA,công lập,7810103,A01,Cộng tối đa 2 điểm cho chứng chỉ quốc tế phù hợp,6.37,12 - 18 triệu VNĐ/năm,Hỗ trợ vay học phí theo chính sách nhà trường
Trường Đại học Nguyễn Trãi,NTU,tư thục,7810201,"D01, C00, A01",Cộng 0.5 điểm nếu IELTS từ 6.5,8.38,18 - 25 triệu VNĐ/năm,Học bổng toàn phần cho thủ khoa đầu vào
Cao đẳng Nghề Công nghiệp Hà Nội,CNI,công lập,7810201,C00,Ưu tiên theo quy chế tuyển sinh hiện hành,7.74,15 - 25 triệu VNĐ/năm,Học bổng toàn phần cho thủ khoa đầu vào
Học viện Tài chính,HTC,công lập,7810201,"C00, D01",Cộng 1 điểm nếu IELTS từ 7.0; tối đa 3 điểm,6.0,20 - 35 triệu VNĐ/năm,Học bổng toàn phần cho thủ khoa đầu vào
Cao đẳng Du lịch Hà Nội,CDL,công lập,7140202,D01,Cộng 1 điểm nếu IELTS từ 7.0; tối đa 3 điểm,8.24,15 - 25 triệu VNĐ/năm,Học bổng 25% - 50% cho học sinh có điểm cao
Cao đẳng Quốc tế Hà Nội,CQH,tư thục,7140202,"A00, D01",Cộng 1 điểm nếu IELTS từ 7.0; tối đa 3 điểm,7.93,18 - 25 triệu VNĐ/năm,Học bổng khuyến khích học tập theo từng kỳ
Trường Đại học Công nghệ - ĐHQGHN,QHI-CN,công lập,7140202,"A00, C00, D01",Không có,5.31,15 - 25 triệu VNĐ/năm,Học bổng toàn phần cho thủ khoa đầu vào
Cao đẳng Điện tử - Điện lạnh Hà Nội,CDT,công lập,7140231,"A01, D01",Ưu tiên theo quy chế tuyển sinh hiện hành,8.67,15 - 25 triệu VNĐ/năm,Học bổng khuyến khích học tập theo từng kỳ
Trường Đại học Ngoại thương,NTH,công lập,7140231,"A01, D01",Cộng 1 điểm nếu IELTS từ 7.0; tối đa 3 điểm,7.24,20 - 35 triệu VNĐ/năm,Hỗ trợ vay học phí theo chính sách nhà trường
Trường Đại học Sư phạm Hà Nội,SPH,công lập,7140231,"A01, D01",Ưu tiên theo quy chế tuyển sinh hiện hành,6.39,15 - 25 triệu VNĐ/năm,Không công bố chính sách riêng
Cao đẳng Cộng đồng Hà Nội,CCD,công lập,7320201,"A01, D01",Ưu tiên theo quy chế tuyển sinh hiện hành,8.43,20 - 35 triệu VNĐ/năm,Hỗ trợ vay học phí theo chính sách nhà trường
Đại học Quốc gia Hà Nội,QHI,công lập,7320201,"D01, C00",Ưu tiên theo quy chế tuyển sinh hiện hành,6.8,20 - 35 triệu VNĐ/năm,Không công bố chính sách riêng
Trường Đại học Giao thông Vận tải,GHA,công lập,7320201,"D01, A01",Cộng 0.5 điểm nếu IELTS từ 6.5,6.13,15 - 25 triệu VNĐ/năm,Không công bố chính sách riêng
Trường Đại học Kinh tế Quốc dân,KHA,công lập,7460108,"A01, A00",Không có,8.95,15 - 25 triệu VNĐ/năm,Học bổng khuyến khích học tập theo từng kỳ
Trường Đại học Khoa học Xã hội và Nhân văn - ĐHQGHN,QHX,công lập,7460108,A00,Cộng 0.5 điểm nếu IELTS từ 6.5,7.94,15 - 25 triệu VNĐ/năm,Học bổng khuyến khích học tập theo từng kỳ
Học viện Công nghệ Bưu chính Viễn thông,BVH,công lập,7460108,"A00, A01, D07",Cộng 0.5 điểm nếu IELTS từ 6.5,5.25,12 - 18 triệu VNĐ/năm,Học bổng 25% - 50% cho học sinh có điểm cao
Học viện Ngân hàng,NHH,công lập,7510301,"A01, A00",Cộng 0.5 điểm nếu IELTS từ 6.5,8.58,12 - 18 triệu VNĐ/năm,Học bổng toàn phần cho thủ khoa đầu vào
Trường Đại học Thương mại,TMA,công lập,7510301,"A00, A01",Cộng tối đa 2 điểm cho chứng chỉ quốc tế phù hợp,7.48,12 - 18 triệu VNĐ/năm,Hỗ trợ vay học phí theo chính sách nhà trường
Trường Đại học Dược Hà Nội,DKH,công lập,7510301,"A00, A01",Không có,6.16,20 - 35 triệu VNĐ/năm,Không công bố chính sách riêng
Trường Đại học Khoa học Tự nhiên - ĐHQGHN,QHT,công lập,7210403,"D01, H00, H01",Cộng tối đa 2 điểm cho chứng chỉ quốc tế phù hợp,8.56,12 - 18 triệu VNĐ/năm,Học bổng 25% - 50% cho học sinh có điểm cao
Trường Đại học Mỏ - Địa chất,MDA,công lập,7210403,D01,Cộng 0.5 điểm nếu IELTS từ 6.5,6.98,20 - 35 triệu VNĐ/năm,Học bổng 25% - 50% cho học sinh có điểm cao
Trường Đại học Điện lực,DDL,công lập,7210403,D01,Ưu tiên theo quy chế tuyển sinh hiện hành,6.42,15 - 25 triệu VNĐ/năm,Học bổng 25% - 50% cho học sinh có điểm cao
