ma_hoc_sinh,ngay_thi,khoi_thi,diem_mon_1,diem_mon_2,diem_mon_3,tong_diem_3_mon,diem_trung_binh
HS1181,2025-04-12,D07,7.6,6.6,7.5,21.7,7.23
HS1182,2025-04-15,V00,7.7,6.6,9.1,23.4,7.8
HS1183,2025-04-12,C00,8.5,5.2,6.0,19.7,6.57
HS1184,2025-04-14,B00,7.5,5.1,6.7,19.3,6.43
HS1185,2025-04-20,A00,6.8,7.2,7.7,21.7,7.23
HS1186,2025-04-14,B00,9.6,9.5,9.2,28.3,9.43
HS1187,2025-04-24,D01,8.8,7.3,7.0,23.1,7.7
HS1188,2025-04-21,V00,9.8,9.9,8.8,28.5,9.5
HS1189,2025-04-13,C00,8.4,10.0,9.9,28.3,9.43
HS1190,2025-04-13,A00,5.9,5.1,7.3,18.3,6.1
HS1191,2025-05-04,C00,10.0,10.0,8.1,28.1,9.37
HS1192,2025-04-29,A01,8.5,7.6,6.1,22.2,7.4
HS1193,2025-05-04,A01,7.5,7.1,7.5,22.1,7.37
HS1194,2025-05-02,D01,6.4,7.0,6.4,19.8,6.6
HS1195,2025-04-14,C00,7.7,7.7,8.5,23.9,7.97
HS1196,2025-04-22,D07,8.2,9.5,9.2,26.9,8.97
HS1197,2025-05-02,D01,8.5,8.6,9.1,26.2,8.73
HS1198,2025-04-21,B00,8.3,7.2,7.1,22.6,7.53
HS1199,2025-04-19,D07,7.3,6.8,8.8,22.9,7.63
HS1200,2025-05-01,B00,6.5,6.4,6.7,19.6,6.53
HS1201,2025-04-14,D01,8.4,7.3,8.8,24.5,8.17
HS1202,2025-04-23,A00,7.3,7.6,7.9,22.8,7.6
HS1203,2025-04-10,D07,6.8,7.9,8.3,23.0,7.67
HS1204,2025-04-23,C00,5.5,6.5,7.0,19.0,6.33
HS1205,2025-04-22,D07,4.4,7.4,7.8,19.6,6.53
HS1206,2025-04-27,B00,9.6,8.6,7.4,25.6,8.53
HS1207,2025-04-24,A00,8.1,8.8,7.8,24.7,8.23
HS1208,2025-04-24,C00,10.0,9.3,8.6,27.9,9.3
HS1209,2025-04-17,A00,8.3,9.2,8.6,26.1,8.7
HS1210,2025-04-22,B00,7.7,10.0,9.3,27.0,9.0
HS1211,2025-04-18,D07,9.4,9.0,9.0,27.4,9.13
HS1212,2025-04-19,D07,6.9,7.3,6.6,20.8,6.93
HS1213,2025-04-10,C00,9.1,8.6,10.0,27.7,9.23
HS1214,2025-04-20,A00,8.2,9.8,8.7,26.7,8.9
HS1215,2025-05-02,A01,6.7,8.2,9.4,24.3,8.1
HS1216,2025-05-04,C00,5.1,6.1,6.8,18.0,6.0
HS1217,2025-04-24,V00,8.1,8.0,9.0,25.1,8.37
HS1218,2025-05-05,B00,9.0,8.8,8.7,26.5,8.83
HS1219,2025-04-24,A00,7.1,8.7,9.4,25.2,8.4
HS1220,2025-04-30,D07,4.6,6.2,6.3,17.1,5.7
HS1221,2025-04-29,A01,6.4,10.0,9.1,25.5,8.5
HS1222,2025-04-20,D01,5.3,6.0,7.7,19.0,6.33
HS1223,2025-05-05,A00,5.9,7.3,9.3,22.5,7.5
HS1224,2025-04-26,C00,8.9,7.7,8.0,24.6,8.2
HS1225,2025-04-17,A00,7.2,5.0,7.1,19.3,6.43
HS1226,2025-04-26,C00,9.0,7.7,6.5,23.2,7.73
HS1227,2025-04-21,A00,9.2,8.3,7.3,24.8,8.27
HS1228,2025-04-25,B00,6.8,10.0,6.9,23.7,7.9
HS1229,2025-04-19,B00,8.1,7.3,8.9,24.3,8.1
HS1230,2025-04-17,D01,5.5,6.3,6.5,18.3,6.1
HS1231,2025-04-26,C00,4.9,6.8,8.4,20.1,6.7
HS1232,2025-05-01,H01,5.9,6.5,7.1,19.5,6.5
HS1233,2025-04-19,C00,5.8,6.4,5.2,17.4,5.8
HS1234,2025-04-16,A01,8.7,7.1,8.8,24.6,8.2
HS1235,2025-04-11,D07,5.7,6.4,6.7,18.8,6.27
HS1236,2025-04-20,H01,8.5,6.8,8.2,23.5,7.83
HS1237,2025-04-15,D01,9.5,8.4,6.7,24.6,8.2
HS1238,2025-04-16,A01,7.9,7.2,6.9,22.0,7.33
HS1239,2025-04-24,D07,5.5,6.2,9.7,21.4,7.13
HS1240,2025-04-17,D01,5.7,6.4,7.8,19.9,6.63
HS1241,2025-04-19,D01,8.5,9.0,8.1,25.6,8.53
HS1242,2025-04-14,D01,6.5,7.8,8.5,22.8,7.6
HS1243,2025-04-13,A00,5.8,6.4,6.9,19.1,6.37
HS1244,2025-04-13,C00,6.9,5.2,8.0,20.1,6.7
HS1245,2025-04-13,C00,5.6,7.3,7.9,20.8,6.93
HS1246,2025-04-20,A00,10.0,9.0,8.4,27.4,9.13
HS1247,2025-05-04,D01,8.3,7.7,8.0,24.0,8.0
HS1248,2025-04-18,A01,8.1,8.4,8.5,25.0,8.33
HS1249,2025-04-27,B00,7.9,9.1,8.5,25.5,8.5
HS1250,2025-05-05,C00,9.2,10.0,9.3,28.5,9.5
HS1251,2025-05-03,B00,5.9,8.6,9.2,23.7,7.9
HS1252,2025-04-12,B00,7.9,9.0,8.4,25.3,8.43
HS1253,2025-04-28,D07,6.6,7.2,6.7,20.5,6.83
HS1254,2025-05-04,A00,8.2,10.0,9.5,27.7,9.23
HS1255,2025-04-22,A01,8.5,6.6,9.8,24.9,8.3
HS1256,2025-04-25,C00,7.7,7.6,8.7,24.0,8.0
HS1257,2025-04-17,B00,8.3,8.1,7.8,24.2,8.07
HS1258,2025-04-24,D01,7.5,8.2,7.9,23.6,7.87
HS1259,2025-04-30,B00,7.1,5.3,7.1,19.5,6.5
HS1260,2025-04-29,C00,8.0,8.0,8.3,24.3,8.1
HS1261,2025-05-02,D07,5.3,7.4,6.4,19.1,6.37
HS1262,2025-04-17,D01,7.8,7.7,6.6,22.1,7.37
HS1263,2025-04-11,D01,8.6,9.1,8.1,25.8,8.6
HS1264,2025-04-13,D07,8.8,6.7,9.6,25.1,8.37
HS1265,2025-05-05,B00,4.3,5.5,7.6,17.4,5.8
HS1266,2025-04-13,C00,7.1,5.8,6.2,19.1,6.37
HS1267,2025-04-10,A01,7.9,8.0,10.0,25.9,8.63
HS1268,2025-04-14,D07,6.7,8.5,8.0,23.2,7.73
HS1269,2025-04-30,D07,5.4,8.3,8.5,22.2,7.4
HS1270,2025-04-13,C00,7.6,7.1,7.6,22.3,7.43
HS1271,2025-04-24,A01,6.2,7.5,5.0,18.7,6.23
HS1272,2025-05-03,D07,7.5,10.0,8.1,25.6,8.53
HS1273,2025-04-12,A00,7.5,9.7,8.3,25.5,8.5
HS1274,2025-04-10,D01,7.0,5.8,7.9,20.7,6.9
HS1275,2025-04-28,A00,7.1,9.2,7.8,24.1,8.03
HS1276,2025-04-27,H01,7.8,8.8,10.0,26.6,8.87
HS1277,2025-04-30,C00,7.5,6.7,7.2,21.4,7.13
HS1278,2025-04-29,A00,7.5,6.8,7.7,22.0,7.33
HS1279,2025-04-19,C00,6.6,9.6,7.4,23.6,7.87
HS1280,2025-04-18,V00,5.9,6.4,8.4,20.7,6.9
HS1281,2025-04-30,C00,8.8,8.1,7.7,24.6,8.2
HS1282,2025-04-15,B00,6.8,6.7,8.9,22.4,7.47
HS1283,2025-04-23,A01,10.0,9.3,8.9,28.2,9.4
HS1284,2025-05-04,C00,7.7,8.6,8.2,24.5,8.17
HS1285,2025-04-12,A00,5.6,6.5,7.3,19.4,6.47
HS1286,2025-04-11,C00,6.7,4.5,6.8,18.0,6.0
HS1287,2025-04-30,C00,6.8,5.7,6.7,19.2,6.4
HS1288,2025-04-17,D01,6.9,7.2,5.4,19.5,6.5
HS1289,2025-04-14,D01,5.7,7.5,5.5,18.7,6.23
HS1290,2025-05-02,B00,10.0,7.9,8.4,26.3,8.77
HS1291,2025-04-11,C00,8.8,7.3,7.5,23.6,7.87
HS1292,2025-04-24,A00,7.5,6.7,8.4,22.6,7.53
HS1293,2025-05-05,A00,7.4,4.9,6.6,18.9,6.3
HS1294,2025-04-12,A01,6.5,8.4,6.9,21.8,7.27
HS1295,2025-05-03,A00,7.7,7.0,6.6,21.3,7.1
HS1296,2025-04-23,A00,8.5,10.0,8.3,26.8,8.93
HS1297,2025-05-05,A00,7.3,8.3,6.5,22.1,7.37
HS1298,2025-05-01,D07,9.8,9.0,7.9,26.7,8.9
HS1299,2025-05-01,C00,7.2,6.0,7.0,20.2,6.73
HS1300,2025-04-14,C00,6.2,8.5,8.8,23.5,7.83
