ma_hoc_sinh,ngay_thi,khoi_thi,diem_mon_1,diem_mon_2,diem_mon_3,tong_diem_3_mon,diem_trung_binh
HS1181,12/04/2025,D07,7.6,6.6,7.5,21.7,7.23
HS1182,15/04/2025,V00,7.7,6.6,9.1,23.4,7.8
HS1183,12/04/2025,C00,8.5,5.2,6.0,19.7,6.57
HS1184,14/04/2025,B00,7.5,5.1,6.7,19.3,6.43
HS1185,20/04/2025,A00,6.8,7.2,7.7,21.7,7.23
HS1186,14/04/2025,B00,9.6,9.5,9.2,28.3,9.43
HS1187,24/04/2025,D01,8.8,7.3,7.0,23.1,7.7
HS1188,21/04/2025,V00,9.8,9.9,8.8,28.5,9.5
HS1189,13/04/2025,C00,8.4,10.0,9.9,28.3,9.43
HS1190,13/04/2025,A00,5.9,5.1,7.3,18.3,6.1
HS1191,04/05/2025,C00,10.0,10.0,8.1,28.1,9.37
HS1192,29/04/2025,A01,8.5,7.6,6.1,22.2,7.4
HS1193,04/05/2025,A01,7.5,7.1,7.5,22.1,7.37
HS1194,02/05/2025,D01,6.4,7.0,6.4,19.8,6.6
HS1195,14/04/2025,C00,7.7,7.7,8.5,23.9,7.97
HS1196,22/04/2025,D07,8.2,9.5,9.2,26.9,8.97
HS1197,02/05/2025,D01,8.5,8.6,9.1,26.2,8.73
HS1198,21/04/2025,B00,8.3,7.2,7.1,22.6,7.53
HS1199,19/04/2025,D07,7.3,6.8,8.8,22.9,7.63
HS1200,01/05/2025,B00,6.5,6.4,6.7,19.6,6.53
HS1201,14/04/2025,D01,8.4,7.3,8.8,24.5,8.17
HS1202,23/04/2025,A00,7.3,7.6,7.9,22.8,7.6
HS1203,10/04/2025,D07,6.8,7.9,8.3,23.0,7.67
HS1204,23/04/2025,C00,5.5,6.5,7.0,19.0,6.33
HS1205,22/04/2025,D07,4.4,7.4,7.8,19.6,6.53
HS1206,27/04/2025,B00,9.6,8.6,7.4,25.6,8.53
HS1207,24/04/2025,A00,8.1,8.8,7.8,24.7,8.23
HS1208,24/04/2025,C00,10.0,9.3,8.6,27.9,9.3
HS1209,17/04/2025,A00,8.3,9.2,8.6,26.1,8.7
HS1210,22/04/2025,B00,7.7,10.0,9.3,27.0,9.0
HS1211,18/04/2025,D07,9.4,9.0,9.0,27.4,9.13
HS1212,19/04/2025,D07,6.9,7.3,6.6,20.8,6.93
HS1213,10/04/2025,C00,9.1,8.6,10.0,27.7,9.23
HS1214,20/04/2025,A00,8.2,9.8,8.7,26.7,8.9
HS1215,02/05/2025,A01,6.7,8.2,9.4,24.3,8.1
HS1216,04/05/2025,C00,5.1,6.1,6.8,18.0,6.0
HS1217,24/04/2025,V00,8.1,8.0,9.0,25.1,8.37
HS1218,05/05/2025,B00,9.0,8.8,8.7,26.5,8.83
HS1219,24/04/2025,A00,7.1,8.7,9.4,25.2,8.4
HS1220,30/04/2025,D07,4.6,6.2,6.3,17.1,5.7
HS1221,29/04/2025,A01,6.4,10.0,9.1,25.5,8.5
HS1222,20/04/2025,D01,5.3,6.0,7.7,19.0,6.33
HS1223,05/05/2025,A00,5.9,7.3,9.3,22.5,7.5
HS1224,26/04/2025,C00,8.9,7.7,8.0,24.6,8.2
HS1225,17/04/2025,A00,7.2,5.0,7.1,19.3,6.43
HS1226,26/04/2025,C00,9.0,7.7,6.5,23.2,7.73
HS1227,21/04/2025,A00,9.2,8.3,7.3,24.8,8.27
HS1228,25/04/2025,B00,6.8,10.0,6.9,23.7,7.9
HS1229,19/04/2025,B00,8.1,7.3,8.9,24.3,8.1
HS1230,17/04/2025,D01,5.5,6.3,6.5,18.3,6.1
HS1231,26/04/2025,C00,4.9,6.8,8.4,20.1,6.7
HS1232,01/05/2025,H01,5.9,6.5,7.1,19.5,6.5
HS1233,19/04/2025,C00,5.8,6.4,5.2,17.4,5.8
HS1234,16/04/2025,A01,8.7,7.1,8.8,24.6,8.2
HS1235,11/04/2025,D07,5.7,6.4,6.7,18.8,6.27
HS1236,20/04/2025,H01,8.5,6.8,8.2,23.5,7.83
HS1237,15/04/2025,D01,9.5,8.4,6.7,24.6,8.2
HS1238,16/04/2025,A01,7.9,7.2,6.9,22.0,7.33
HS1239,24/04/2025,D07,5.5,6.2,9.7,21.4,7.13
HS1240,17/04/2025,D01,5.7,6.4,7.8,19.9,6.63
HS1241,19/04/2025,D01,8.5,9.0,8.1,25.6,8.53
HS1242,14/04/2025,D01,6.5,7.8,8.5,22.8,7.6
HS1243,13/04/2025,A00,5.8,6.4,6.9,19.1,6.37
HS1244,13/04/2025,C00,6.9,5.2,8.0,20.1,6.7
HS1245,13/04/2025,C00,5.6,7.3,7.9,20.8,6.93
HS1246,20/04/2025,A00,10.0,9.0,8.4,27.4,9.13
HS1247,04/05/2025,D01,8.3,7.7,8.0,24.0,8.0
HS1248,18/04/2025,A01,8.1,8.4,8.5,25.0,8.33
HS1249,27/04/2025,B00,7.9,9.1,8.5,25.5,8.5
HS1250,05/05/2025,C00,9.2,10.0,9.3,28.5,9.5
HS1251,03/05/2025,B00,5.9,8.6,9.2,23.7,7.9
HS1252,12/04/2025,B00,7.9,9.0,8.4,25.3,8.43
HS1253,28/04/2025,D07,6.6,7.2,6.7,20.5,6.83
HS1254,04/05/2025,A00,8.2,10.0,9.5,27.7,9.23
HS1255,22/04/2025,A01,8.5,6.6,9.8,24.9,8.3
HS1256,25/04/2025,C00,7.7,7.6,8.7,24.0,8.0
HS1257,17/04/2025,B00,8.3,8.1,7.8,24.2,8.07
HS1258,24/04/2025,D01,7.5,8.2,7.9,23.6,7.87
HS1259,30/04/2025,B00,7.1,5.3,7.1,19.5,6.5
HS1260,29/04/2025,C00,8.0,8.0,8.3,24.3,8.1
HS1261,02/05/2025,D07,5.3,7.4,6.4,19.1,6.37
HS1262,17/04/2025,D01,7.8,7.7,6.6,22.1,7.37
HS1263,11/04/2025,D01,8.6,9.1,8.1,25.8,8.6
HS1264,13/04/2025,D07,8.8,6.7,9.6,25.1,8.37
HS1265,05/05/2025,B00,4.3,5.5,7.6,17.4,5.8
HS1266,13/04/2025,C00,7.1,5.8,6.2,19.1,6.37
HS1267,10/04/2025,A01,7.9,8.0,10.0,25.9,8.63
HS1268,14/04/2025,D07,6.7,8.5,8.0,23.2,7.73
HS1269,30/04/2025,D07,5.4,8.3,8.5,22.2,7.4
HS1270,13/04/2025,C00,7.6,7.1,7.6,22.3,7.43
HS1271,24/04/2025,A01,6.2,7.5,5.0,18.7,6.23
HS1272,03/05/2025,D07,7.5,10.0,8.1,25.6,8.53
HS1273,12/04/2025,A00,7.5,9.7,8.3,25.5,8.5
HS1274,10/04/2025,D01,7.0,5.8,7.9,20.7,6.9
HS1275,28/04/2025,A00,7.1,9.2,7.8,24.1,8.03
HS1276,27/04/2025,H01,7.8,8.8,10.0,26.6,8.87
HS1277,30/04/2025,C00,7.5,6.7,7.2,21.4,7.13
HS1278,29/04/2025,A00,7.5,6.8,7.7,22.0,7.33
HS1279,19/04/2025,C00,6.6,9.6,7.4,23.6,7.87
HS1280,18/04/2025,V00,5.9,6.4,8.4,20.7,6.9
HS1281,30/04/2025,C00,8.8,8.1,7.7,24.6,8.2
HS1282,15/04/2025,B00,6.8,6.7,8.9,22.4,7.47
HS1283,23/04/2025,A01,10.0,9.3,8.9,28.2,9.4
HS1284,04/05/2025,C00,7.7,8.6,8.2,24.5,8.17
HS1285,12/04/2025,A00,5.6,6.5,7.3,19.4,6.47
HS1286,11/04/2025,C00,6.7,4.5,6.8,18.0,6.0
HS1287,30/04/2025,C00,6.8,5.7,6.7,19.2,6.4
HS1288,17/04/2025,D01,6.9,7.2,5.4,19.5,6.5
HS1289,14/04/2025,D01,5.7,7.5,5.5,18.7,6.23
HS1290,02/05/2025,B00,10.0,7.9,8.4,26.3,8.77
HS1291,11/04/2025,C00,8.8,7.3,7.5,23.6,7.87
HS1292,24/04/2025,A00,7.5,6.7,8.4,22.6,7.53
HS1293,05/05/2025,A00,7.4,4.9,6.6,18.9,6.3
HS1294,12/04/2025,A01,6.5,8.4,6.9,21.8,7.27
HS1295,03/05/2025,A00,7.7,7.0,6.6,21.3,7.1
HS1296,23/04/2025,A00,8.5,10.0,8.3,26.8,8.93
HS1297,05/05/2025,A00,7.3,8.3,6.5,22.1,7.37
HS1298,01/05/2025,D07,9.8,9.0,7.9,26.7,8.9
HS1299,01/05/2025,C00,7.2,6.0,7.0,20.2,6.73
HS1300,14/04/2025,C00,6.2,8.5,8.8,23.5,7.83
